Mes,AÑO,Farola,Sticker,Potencia Antigua,W,Tecnologia,Marca,Direccion,Latitud,Longitud,Observacion
Enero,2022,1637057,A19761&C4-3531,70,0.5,LED,OTRAS MARCAS,AVENIDA LA TOMA,2.930251665,-75.28547944,HURTO DE LUMINARIA 
Enero,2022,1637058,A19762&C4-3532,70,0.5,LED,OTRAS MARCAS,AVENIDA LA TOMA,2.934005,-75.291458,HURTO DE LUMINARIA 
Febrero,2022,1637050,A19795&C4-3364,70,0.5,LED,OTRAS MARCAS,AVENIDA LA TOMA,2.933856032,-75.29402429,HURTO DE LUMINARIA 
Febrero,2022,1637051,A19796&C4-3365,70,0.5,LED,OTRAS MARCAS,AVENIDA LA TOMA,2.933856032,-75.29402429,HURTO DE LUMINARIA 
Febrero,2022,1637053,SC&C4-3370,70,0.5,LED,OTRAS MARCAS,AVENIDA LA TOMA,2.93375612,-75.29416844,HURTO DE LUMINARIA 
Febrero,2022,1637054,SC&C4-3371,70,0.5,LED,OTRAS MARCAS,AVENIDA LA TOMA,2.93375612,-75.29416844,HURTO DE LUMINARIA 
Febrero,2022,1637055,SC&C4-3372,70,0.5,LED,OTRAS MARCAS,AVENIDA LA TOMA,2.93375612,-75.29416844,HURTO DE LUMINARIA 
Febrero,2022,1637056,A19760&C4-3530,70,0.5,LED,OTRAS MARCAS,AVENIDA LA TOMA,2.933883,-75.291407,HURTO DE LUMINARIA 
Marzo,2022,1637046,A19253&C4-3360,70,0.5,LED,OTRAS MARCAS,AVENIDA LA TOMA,2.933742423,-75.29397817,HURTO DE LUMINARIA 
Marzo,2022,1637047,A1924&C4-3361,70,0.5,LED,OTRAS MARCAS,AVENIDA LA TOMA,2.933742423,-75.29397817,HURTO DE LUMINARIA 
Marzo,2022,1637049,A19794&C4-3363,70,0.5,LED,OTRAS MARCAS,AVENIDA LA TOMA,2.933856032,-75.29402429,HURTO DE LUMINARIA 
Abril,2022,1647854,A19096&C7-0853,40,0.5,LED,OTRAS MARCAS,AVENIDA LA TOMA,2.930416598,-75.28558469,HURTO DE LUMINARIA 
Abril,2022,1648482,A19660&C8-1126,40,0.5,LED,OTRAS MARCAS,AVENIDA LA TOMA,2.931434359,-75.28390379,HURTO DE LUMINARIA 
Abril,2022,1639546,A19083&C8-1133,40,0.5,LED,OTRAS MARCAS,AVENIDA LA TOMA,2.932695557,-75.28301447,HURTO DE LUMINARIA 
Abril,2022,1639547,A19084&C8-1134,40,0.5,LED,OTRAS MARCAS,AVENIDA LA TOMA,2.930837987,-75.28671588,HURTO DE LUMINARIA 
Abril,2022,1639520,A14870&C8-1075,40,0.5,LED,OTRAS MARCAS,AVENIDA LA TOMA,2.933728819,-75.28153141,HURTO DE LUMINARIA 
Abril,2022,1648464,A19628&C8-1086,40,0.5,LED,OTRAS MARCAS,AVENIDA LA TOMA,2.89305074,-75.25916231,HURTO DE LUMINARIA 
Abril,2022,1648465,A19629&C8-1087,40,0.5,LED,OTRAS MARCAS,AVENIDA LA TOMA,2.89312392,-75.25401703,HURTO DE LUMINARIA 
Abril,2022,1647798,A19500&C7-0727,40,0.5,LED,OTRAS MARCAS,AVENIDA LA TOMA,2.933195779,-75.28949366,HURTO DE LUMINARIA 
Abril,2022,1638888,A19860&C7-0796,40,0.5,LED,OTRAS MARCAS,AVENIDA LA TOMA,2.933251675,-75.28932458,HURTO DE LUMINARIA 
Abril,2022,1638889,A19858&C7-0799,40,0.5,LED,OTRAS MARCAS,AVENIDA LA TOMA,2.934036803,-75.29093378,HURTO DE LUMINARIA 
Abril,2022,1638890,A19857&C7-0800,40,0.5,LED,OTRAS MARCAS,AVENIDA LA TOMA,2.932792894,-75.2890142,HURTO DE LUMINARIA 
Abril,2022,1638891,A19855&C7-0803,40,0.5,LED,OTRAS MARCAS,AVENIDA LA TOMA,2.932660268,-75.28865396,HURTO DE LUMINARIA 
Abril,2022,1638892,A19854&C7-0804,40,0.5,LED,OTRAS MARCAS,AVENIDA LA TOMA,2.932779744,-75.28878897,HURTO DE LUMINARIA 
Abril,2022,1638893,A19250&C7-0807,40,0.5,LED,OTRAS MARCAS,AVENIDA LA TOMA,2.934066974,-75.29111114,HURTO DE LUMINARIA 
Abril,2022,1638444,A19262&C4-3506,40,0.5,LED,OTRAS MARCAS,AVENIDA LA TOMA,2.933898052,-75.29344783,HURTO DE LUMINARIA 
Abril,2022,1648457,A1486&C8-1071,40,0.5,LED,OTRAS MARCAS,AVENIDA LA TOMA,2.912274,-75.285785,HURTO DE LUMINARIA 
Abril,2022,1648458,A14868&C8-1074,40,0.5,LED,OTRAS MARCAS,AVENIDA LA TOMA,2.933823215,-75.28138863,HURTO DE LUMINARIA 
Abril,2022,1648460,A24136&C8-1078,40,0.5,LED,OTRAS MARCAS,AVENIDA LA TOMA,2.932864673,-75.28327289,HURTO DE LUMINARIA 
Abril,2022,1648461,A19623&C8-1079,40,0.5,LED,OTRAS MARCAS,AVENIDA LA TOMA,2.93425137,-75.28108425,HURTO DE LUMINARIA 
Abril,2022,1639585,A19609&C8-1220,40,0.5,LED,OTRAS MARCAS,AVENIDA LA TOMA,2.93391743,-75.28124567,HURTO DE LUMINARIA 
Abril,2022,1648503,A19570&C8-1169,40,0.5,LED,OTRAS MARCAS,AVENIDA LA TOMA,2.93312544,-75.2827473,HURTO DE LUMINARIA 
Abril,2022,1648502,A19568&C8-1166,40,0.5,LED,OTRAS MARCAS,AVENIDA LA TOMA,2.93079313,-75.28418212,HURTO DE LUMINARIA 
Abril,2022,1648501,A19567&C8-1165,40,0.5,LED,OTRAS MARCAS,AVENIDA LA TOMA,2.930249176,-75.28508632,HURTO DE LUMINARIA 
Abril,2022,1648500,A19565&C8-1162,40,0.5,LED,OTRAS MARCAS,AVENIDA LA TOMA,2.931779613,-75.28381632,HURTO DE LUMINARIA 
Abril,2022,1638922,A19543&C7-0870,40,0.5,LED,OTRAS MARCAS,AVENIDA LA TOMA,2.930644637,-75.28642753,HURTO DE LUMINARIA 
Abril,2022,1647807,A19487&C7-0745,40,0.5,LED,OTRAS MARCAS,AVENIDA LA TOMA,2.931512033,-75.28758727,HURTO DE LUMINARIA 
Abril,2022,1635456,N/A&C4-3435,41,0.5,LED,OTRAS MARCAS,AVENIDA LA TOMA,2.932601099,-75.29559583,HURTO DE LUMINARIA 
Abril,2022,1647805,A19490&C7-0741,40,0.5,LED,OTRAS MARCAS,AVENIDA LA TOMA,2.930887437,-75.28650867,HURTO DE LUMINARIA 
Abril,2022,1647804,A19491&C7-0740,40,0.5,LED,OTRAS MARCAS,AVENIDA LA TOMA,2.930618498,-75.28605058,HURTO DE LUMINARIA 
Abril,2022,1647802,A19493&C7-0736,40,0.5,LED,OTRAS MARCAS,AVENIDA LA TOMA,2.931759097,-75.28761883,HURTO DE LUMINARIA 
Abril,2022,1647801,A19496&C7-0733,40,0.5,LED,OTRAS MARCAS,AVENIDA LA TOMA,2.933432767,-75.289783,HURTO DE LUMINARIA 
Abril,2022,1647800,A19497&C7-0732,40,0.5,LED,OTRAS MARCAS,AVENIDA LA TOMA,2.933785338,-75.29112583,HURTO DE LUMINARIA 
Abril,2022,1647797,A19503&C7-0724,40,0.5,LED,OTRAS MARCAS,AVENIDA LA TOMA,2.93350898,-75.28963797,HURTO DE LUMINARIA 
Abril,2022,1647796,A19504&C7-0723,40,0.5,LED,OTRAS MARCAS,AVENIDA LA TOMA,2.933735717,-75.28990609,HURTO DE LUMINARIA 
Abril,2022,1631039,SC&C7-0729,400,0.5,METAL HALIDE,OTRAS MARCAS,AVENIDA LA TOMA,2.933010916,-75.28905025,HURTO DE LUMINARIA 
Abril,2022,1631155,D794&C8-1124,400,0.5,METAL HALIDE,OTRAS MARCAS,AVENIDA LA TOMA,2.932620946,-75.28321798,HURTO DE LUMINARIA 
Abril,2022,1631553,D0926&C7-0782,400,0.5,METAL HALIDE,OTRAS MARCAS,AVENIDA LA TOMA,2.930985831,-75.28665095,HURTO DE LUMINARIA 
Abril,2022,1635639,SC&C7-0743,40,0.5,LED,OTRAS MARCAS,AVENIDA LA TOMA,2.931307343,-75.28706865,HURTO DE LUMINARIA 
Abril,2022,1635738,SC&C7-2557,40,0.5,LED,OTRAS MARCAS,AVENIDA LA TOMA,2.933385711,-75.28949426,HURTO DE LUMINARIA 
Abril,2022,1635881,SC&C8-1107,40,0.5,LED,OTRAS MARCAS,AVENIDA LA TOMA,2.933843769,-75.28167847,HURTO DE LUMINARIA 
Abril,2022,1635883,SC&C8-1115,40,0.5,LED,OTRAS MARCAS,AVENIDA LA TOMA,2.933452162,-75.28224887,HURTO DE LUMINARIA 
Abril,2022,1635885,SC&C8-1123,40,0.5,LED,OTRAS MARCAS,AVENIDA LA TOMA,2.930524838,-75.28472771,HURTO DE LUMINARIA 
Abril,2022,1635886,SC&C8-1128,40,0.5,LED,OTRAS MARCAS,AVENIDA LA TOMA,2.931254946,-75.2839499,HURTO DE LUMINARIA 
Abril,2022,1635887,SC&C8-1132,40,0.5,LED,OTRAS MARCAS,AVENIDA LA TOMA,2.932864673,-75.28327289,HURTO DE LUMINARIA 
Abril,2022,1637092,A19889&C7-0756,40,0.5,LED,OTRAS MARCAS,AVENIDA LA TOMA,2.933761903,-75.29130871,HURTO DE LUMINARIA 
Abril,2022,1637093,A19888&C7-0757,40,0.5,LED,OTRAS MARCAS,AVENIDA LA TOMA,2.933965,-75.291584,HURTO DE LUMINARIA 
Abril,2022,1637095,A19890&C7-0759,40,0.5,LED,OTRAS MARCAS,AVENIDA LA TOMA,2.9337619,-75.2913087,HURTO DE LUMINARIA 
Abril,2022,1637097,A19885&C7-0761,40,0.5,LED,OTRAS MARCAS,AVENIDA LA TOMA,2.934116422,-75.29143376,HURTO DE LUMINARIA 
Abril,2022,1637098,A19884&C7-0762,40,0.5,LED,OTRAS MARCAS,AVENIDA LA TOMA,2.933852,-75.29154,HURTO DE LUMINARIA 
Abril,2022,1638874,A19882&C7-0765,40,0.5,LED,OTRAS MARCAS,AVENIDA LA TOMA,2.931638563,-75.28772804,HURTO DE LUMINARIA 
Abril,2022,1638875,A19880&C7-0767,40,0.5,LED,OTRAS MARCAS,AVENIDA LA TOMA,2.93138695,-75.28744516,HURTO DE LUMINARIA 
Abril,2022,1638880,A19873&C7-0775,40,0.5,LED,OTRAS MARCAS,AVENIDA LA TOMA,2.931768997,-75.287879,HURTO DE LUMINARIA 
Abril,2022,1638883,A19868&C7-0783,40,0.5,LED,OTRAS MARCAS,AVENIDA LA TOMA,2.933625019,-75.28976388,HURTO DE LUMINARIA 
Abril,2022,1638884,A19867&C7-0784,40,0.5,LED,OTRAS MARCAS,AVENIDA LA TOMA,2.933007823,-75.28925173,HURTO DE LUMINARIA 
Abril,2022,1638885,A19865&C7-0787,40,0.5,LED,OTRAS MARCAS,AVENIDA LA TOMA,2.933827004,-75.29006117,HURTO DE LUMINARIA 
Abril,2022,1638886,A19864&C7-0788,40,0.5,LED,OTRAS MARCAS,AVENIDA LA TOMA,2.933958235,-75.29039547,HURTO DE LUMINARIA 
Abril,2022,1638887,A19862&C7-0791,40,0.5,LED,OTRAS MARCAS,AVENIDA LA TOMA,2.934094346,-75.2912661,HURTO DE LUMINARIA 
Abril,2022,1639548,A19086&C8-1137,40,0.5,LED,OTRAS MARCAS,AVENIDA LA TOMA,2.931955226,-75.28377335,HURTO DE LUMINARIA 
Abril,2022,1639550,A19089&C8-1141,40,0.5,LED,OTRAS MARCAS,AVENIDA LA TOMA,2.932620946,-75.28321798,HURTO DE LUMINARIA 
Abril,2022,1639551,A19090&C8-1142,40,0.5,LED,OTRAS MARCAS,AVENIDA LA TOMA,2.931355241,-75.28408931,HURTO DE LUMINARIA 
Abril,2022,1639552,A19092&C8-1145,40,0.5,LED,OTRAS MARCAS,AVENIDA LA TOMA,2.932041499,-75.28390934,HURTO DE LUMINARIA 
Abril,2022,1639553,A19093&C8-1146,40,0.5,LED,OTRAS MARCAS,AVENIDA LA TOMA,2.930743934,-75.28657828,HURTO DE LUMINARIA 
Abril,2022,1639566,A19573&C8-1174,40,0.5,LED,OTRAS MARCAS,AVENIDA LA TOMA,2.933634333,-75.2816741,HURTO DE LUMINARIA 
Abril,2022,1639567,A19574&C8-1175,40,0.5,LED,OTRAS MARCAS,AVENIDA LA TOMA,2.933552349,-75.2821024,HURTO DE LUMINARIA 
Abril,2022,1639568,A19576&C8-1178,40,0.5,LED,OTRAS MARCAS,AVENIDA LA TOMA,2.930451017,-75.2861335,HURTO DE LUMINARIA 
Abril,2022,1639569,A19577&C8-1179,40,0.5,LED,OTRAS MARCAS,AVENIDA LA TOMA,2.932294703,-75.28363765,HURTO DE LUMINARIA 
Abril,2022,1639570,A19579&C8-1182,40,0.5,LED,OTRAS MARCAS,AVENIDA LA TOMA,2.932546545,-75.2833818,HURTO DE LUMINARIA 
Abril,2022,1639571,A19580&C8-1183,40,0.5,LED,OTRAS MARCAS,AVENIDA LA TOMA,2.930302633,-75.28583427,HURTO DE LUMINARIA 
Abril,2022,1639572,A19582&C8-1186,40,0.5,LED,OTRAS MARCAS,AVENIDA LA TOMA,2.93374141,-75.28182683,HURTO DE LUMINARIA 
Abril,2022,1639573,A19583&C8-1187,40,0.5,LED,OTRAS MARCAS,AVENIDA LA TOMA,2.934011645,-75.28110289,HURTO DE LUMINARIA 
Abril,2022,1639574,A19585&C8-1190,40,0.5,LED,OTRAS MARCAS,AVENIDA LA TOMA,2.934096082,-75.28097597,HURTO DE LUMINARIA 
Abril,2022,1642050,B0361&C8-1892,150,0.5,SODIO,OTRAS MARCAS,AVENIDA LA TOMA,2.928817103,-75.28661297,HURTO DE LUMINARIA 
Abril,2022,1643750,B1207&C4-3433,250,0.5,SODIO,OTRAS MARCAS,AVENIDA LA TOMA,2.932155788,-75.2964655,HURTO DE LUMINARIA 
Abril,2022,1644300,C01300&C7-0392,250,0.5,SODIO,OTRAS MARCAS,AVENIDA LA TOMA,2.931127366,-75.29714032,HURTO DE LUMINARIA 
Abril,2022,1646207,A19842&C4-3425,70,0.5,SODIO,OTRAS MARCAS,AVENIDA LA TOMA,2.931147014,-75.2968459,HURTO DE LUMINARIA 
Abril,2022,1647334,A19808&C4-3384,40,0.5,LED,OTRAS MARCAS,AVENIDA LA TOMA,2.934152449,-75.292589,HURTO DE LUMINARIA 
Abril,2022,1647336,A19810&C4-3388,40,0.5,LED,OTRAS MARCAS,AVENIDA LA TOMA,2.934111259,-75.29284013,HURTO DE LUMINARIA 
Abril,2022,1647337,A19811&C4-3389,40,0.5,LED,OTRAS MARCAS,AVENIDA LA TOMA,2.933928921,-75.29293615,HURTO DE LUMINARIA 
Abril,2022,1647339,A19814&C4-3392,40,0.5,LED,OTRAS MARCAS,AVENIDA LA TOMA,2.934042827,-75.29360168,HURTO DE LUMINARIA 
Abril,2022,1647340,A19816&C4-3395,40,0.5,LED,OTRAS MARCAS,AVENIDA LA TOMA,2.933183433,-75.29507372,HURTO DE LUMINARIA 
Abril,2022,1647341,A19817&C4-3396,40,0.5,LED,OTRAS MARCAS,AVENIDA LA TOMA,2.933144468,-75.29480603,HURTO DE LUMINARIA 
Abril,2022,1647343,A19819&C4-3399,40,0.5,LED,OTRAS MARCAS,AVENIDA LA TOMA,2.932494253,-75.29574646,HURTO DE LUMINARIA 
Abril,2022,1647345,A19822&C4-3403,40,0.5,LED,OTRAS MARCAS,AVENIDA LA TOMA,2.932670055,-75.29549894,HURTO DE LUMINARIA 
Abril,2022,1647349,A19828&C4-3411,40,0.5,LED,OTRAS MARCAS,AVENIDA LA TOMA,2.932403185,-75.29614756,HURTO DE LUMINARIA 
Abril,2022,1647352,A19832&C4-3416,40,0.5,LED,OTRAS MARCAS,AVENIDA LA TOMA,2.9310669,-75.2968972,HURTO DE LUMINARIA 
Abril,2022,1647357,A19840&C4-3424,40,0.5,LED,OTRAS MARCAS,AVENIDA LA TOMA,2.931745929,-75.29668227,HURTO DE LUMINARIA 
Abril,2022,1647358,A19844&C4-3427,40,0.5,LED,OTRAS MARCAS,AVENIDA LA TOMA,2.931311215,-75.2969578,HURTO DE LUMINARIA 
Abril,2022,1647364,A19722&C4-3439,40,0.5,LED,OTRAS MARCAS,AVENIDA LA TOMA,2.932802743,-75.2953144,HURTO DE LUMINARIA 
Abril,2022,1647366,A19725&C4-3444,40,0.5,LED,OTRAS MARCAS,AVENIDA LA TOMA,2.932853907,-75.29524026,HURTO DE LUMINARIA 
Abril,2022,1647785,A19523&C7-0697,40,0.5,LED,OTRAS MARCAS,AVENIDA LA TOMA,2.93231879,-75.28848353,HURTO DE LUMINARIA 
Abril,2022,1647786,A19521&C7-0700,40,0.5,LED,OTRAS MARCAS,AVENIDA LA TOMA,2.932432205,-75.28861188,HURTO DE LUMINARIA 
Abril,2022,1647787,A19520&C7-0701,40,0.5,LED,OTRAS MARCAS,AVENIDA LA TOMA,2.932544807,-75.28874067,HURTO DE LUMINARIA 
Abril,2022,1647788,A19518&C7-0704,40,0.5,LED,OTRAS MARCAS,AVENIDA LA TOMA,2.932678845,-75.28888693,HURTO DE LUMINARIA 
Abril,2022,1647795,A19506&C7-0720,40,0.5,LED,OTRAS MARCAS,AVENIDA LA TOMA,2.933905355,-75.2902235,HURTO DE LUMINARIA 
Abril,2022,1647799,A19508&C7-0728,40,0.5,LED,OTRAS MARCAS,AVENIDA LA TOMA,2.933811892,-75.29094793,HURTO DE LUMINARIA 
Abril,2022,1647803,A19494&C7-0737,40,0.5,LED,OTRAS MARCAS,AVENIDA LA TOMA,2.931646589,-75.28747807,HURTO DE LUMINARIA 
Abril,2022,1647806,A19488&C7-0744,40,0.5,LED,OTRAS MARCAS,AVENIDA LA TOMA,2.931198182,-75.28693095,HURTO DE LUMINARIA 
Abril,2022,1647833,A19249&C7-0808,40,0.5,LED,OTRAS MARCAS,AVENIDA LA TOMA,2.932540974,-75.28851877,HURTO DE LUMINARIA 
Abril,2022,1647834,A19247&C7-0811,40,0.5,LED,OTRAS MARCAS,AVENIDA LA TOMA,2.932422494,-75.28838296,HURTO DE LUMINARIA 
Abril,2022,1647835,A19246&C7-0812,40,0.5,LED,OTRAS MARCAS,AVENIDA LA TOMA,2.93220564,-75.28835495,HURTO DE LUMINARIA 
Abril,2022,1647849,A19104&C7-0842,40,0.5,LED,OTRAS MARCAS,AVENIDA LA TOMA,2.990719026,-75.26985844,HURTO DE LUMINARIA 
Abril,2022,1648471,A19644&C8-1104,40,0.5,LED,OTRAS MARCAS,AVENIDA LA TOMA,2.933943051,-75.28153362,HURTO DE LUMINARIA 
Abril,2022,1648472,A19645&C8-1105,40,0.5,LED,OTRAS MARCAS,AVENIDA LA TOMA,2.934045048,-75.28138509,HURTO DE LUMINARIA 
Abril,2022,1648473,A19647&C8-1108,40,0.5,LED,OTRAS MARCAS,AVENIDA LA TOMA,2.933105078,-75.28248292,HURTO DE LUMINARIA 
Abril,2022,1648474,A19648&C8-1109,40,0.5,LED,OTRAS MARCAS,AVENIDA LA TOMA,2.932801978,-75.28288066,HURTO DE LUMINARIA 
Abril,2022,1648475,A19650&C8-1112,40,0.5,LED,OTRAS MARCAS,AVENIDA LA TOMA,2.933645387,-75.28196682,HURTO DE LUMINARIA 
Abril,2022,1648476,A19651&C8-1113,40,0.5,LED,OTRAS MARCAS,AVENIDA LA TOMA,2.93335037,-75.2823976,HURTO DE LUMINARIA 
Abril,2022,1648477,A19653&C8-1116,40,0.5,LED,OTRAS MARCAS,AVENIDA LA TOMA,2.933032575,-75.28291959,HURTO DE LUMINARIA 
Abril,2022,1648478,A19654&C8-1117,40,0.5,LED,OTRAS MARCAS,AVENIDA LA TOMA,2.932695557,-75.28301447,HURTO DE LUMINARIA 
Abril,2022,1648479,A19656&C8-1120,40,0.5,LED,OTRAS MARCAS,AVENIDA LA TOMA,2.930351044,-75.28473604,HURTO DE LUMINARIA 
Abril,2022,1648480,A19657&C8-1121,40,0.5,LED,OTRAS MARCAS,AVENIDA LA TOMA,2.930232665,-75.28520803,HURTO DE LUMINARIA 
Abril,2022,1648481,A19659&C8-1125,70,0.5,SODIO,OTRAS MARCAS,AVENIDA LA TOMA,2.930943606,-75.28408237,HURTO DE LUMINARIA 
Abril,2022,1648483,A19662&C8-1129,40,0.5,LED,OTRAS MARCAS,AVENIDA LA TOMA,2.931613772,-75.28385758,HURTO DE LUMINARIA 
Abril,2022,1648484,A19663&C8-1130,40,0.5,LED,OTRAS MARCAS,AVENIDA LA TOMA,2.931695702,-75.28399825,HURTO DE LUMINARIA 
Abril,2022,1648493,A19555&C8-1149,40,0.5,LED,OTRAS MARCAS,AVENIDA LA TOMA,2.932640591,-75.28354929,HURTO DE LUMINARIA 
Abril,2022,1648494,A19556&C8-1150,40,0.5,LED,OTRAS MARCAS,AVENIDA LA TOMA,2.932514083,-75.28367145,HURTO DE LUMINARIA 
Abril,2022,1648495,A19558&C8-1153,40,0.5,LED,OTRAS MARCAS,AVENIDA LA TOMA,2.93152986,-75.28404266,HURTO DE LUMINARIA 
Abril,2022,1648496,A19559&C8-1154,40,0.5,LED,OTRAS MARCAS,AVENIDA LA TOMA,2.931050784,-75.28701765,HURTO DE LUMINARIA 
Abril,2022,1648497,A19561&C8-1157,40,0.5,LED,OTRAS MARCAS,AVENIDA LA TOMA,2.931270912,-75.28731069,HURTO DE LUMINARIA 
Abril,2022,1648498,A19562&C8-1158,40,0.5,LED,OTRAS MARCAS,AVENIDA LA TOMA,2.931160757,-75.28716615,HURTO DE LUMINARIA 
Abril,2022,1648499,A19564&C8-1161,40,0.5,LED,OTRAS MARCAS,AVENIDA LA TOMA,2.932125807,-75.28371381,HURTO DE LUMINARIA 
Abril,2022,1664891,A19522&C7-0699,40,0.5,LED,OTRAS MARCAS,AVENIDA LA TOMA,2.93220564,-75.28835495,HURTO DE LUMINARIA 
Abril,2022,1664892,A19519&C7-0703,40,0.5,LED,OTRAS MARCAS,AVENIDA LA TOMA,2.933548711,-75.28992655,HURTO DE LUMINARIA 
Abril,2022,1664893,A19516&C7-0707,40,0.5,LED,OTRAS MARCAS,AVENIDA LA TOMA,2.933651067,-75.29006965,HURTO DE LUMINARIA 
Abril,2022,1664894,A19513&C7-0711,40,0.5,LED,OTRAS MARCAS,AVENIDA LA TOMA,2.933821752,-75.29060672,HURTO DE LUMINARIA 
Abril,2022,1664896,A19509&C7-0718,40,0.5,LED,OTRAS MARCAS,AVENIDA LA TOMA,2.930381176,-75.28521831,HURTO DE LUMINARIA 
Abril,2022,1664903,A19875&C7-0773,40,0.5,LED,OTRAS MARCAS,AVENIDA LA TOMA,2.93053992,-75.28589363,HURTO DE LUMINARIA 
Abril,2022,1664905,A19869&C7-0781,40,0.5,LED,OTRAS MARCAS,AVENIDA LA TOMA,2.933744224,-75.29024452,HURTO DE LUMINARIA 
Abril,2022,1664906,A19866&C7-0786,40,0.5,LED,OTRAS MARCAS,AVENIDA LA TOMA,2.933195779,-75.28949366,HURTO DE LUMINARIA 
Abril,2022,1664907,A19863&C7-0790,40,0.5,LED,OTRAS MARCAS,AVENIDA LA TOMA,2.934008481,-75.29075611,HURTO DE LUMINARIA 
Abril,2022,1664908,A19861&C7-0793,40,0.5,LED,OTRAS MARCAS,AVENIDA LA TOMA,2.930262238,-75.28565897,HURTO DE LUMINARIA 
Abril,2022,1664909,A19861&C7-0795,40,0.5,LED,OTRAS MARCAS,AVENIDA LA TOMA,2.931769,-75.287879,HURTO DE LUMINARIA 
Abril,2022,1664910,A19859&C7-0798,40,0.5,LED,OTRAS MARCAS,AVENIDA LA TOMA,2.933131296,-75.28918453,HURTO DE LUMINARIA 
Abril,2022,1664911,A19856&C7-0802,40,0.5,LED,OTRAS MARCAS,AVENIDA LA TOMA,2.932891441,-75.28891524,HURTO DE LUMINARIA 
Abril,2022,1664912,A19853&C7-0806,40,0.5,LED,OTRAS MARCAS,AVENIDA LA TOMA,2.933795293,-75.29042243,HURTO DE LUMINARIA 
Abril,2022,1664913,A19248&C7-0810,40,0.5,LED,OTRAS MARCAS,AVENIDA LA TOMA,2.933824387,-75.29076402,HURTO DE LUMINARIA 
Abril,2022,1664914,A19245&C7-0814,40,0.5,LED,OTRAS MARCAS,AVENIDA LA TOMA,2.933987859,-75.29058652,HURTO DE LUMINARIA 
Abril,2022,1665651,A19085&C8-1136,40,0.5,LED,OTRAS MARCAS,AVENIDA LA TOMA,2.930453326,-75.28488796,HURTO DE LUMINARIA 
Abril,2022,1665652,A19088&C8-1140,40,0.5,LED,OTRAS MARCAS,AVENIDA LA TOMA,2.931186322,-75.28413714,HURTO DE LUMINARIA 
Abril,2022,1665653,A19091&C8-1144,40,0.5,LED,OTRAS MARCAS,AVENIDA LA TOMA,2.932362248,-75.28377723,HURTO DE LUMINARIA 
Abril,2022,1665654,A19557&C8-1152,40,0.5,LED,OTRAS MARCAS,AVENIDA LA TOMA,2.931871133,-75.28395483,HURTO DE LUMINARIA 
Abril,2022,1665655,A19560&C8-1156,40,0.5,LED,OTRAS MARCAS,AVENIDA LA TOMA,2.930706754,-75.28621275,HURTO DE LUMINARIA 
Abril,2022,1665656,A19563&C8-1160,40,0.5,LED,OTRAS MARCAS,AVENIDA LA TOMA,2.93053378,-75.28443203,HURTO DE LUMINARIA 
Abril,2022,1665657,A19566&C8-1164,40,0.5,LED,OTRAS MARCAS,AVENIDA LA TOMA,2.932442918,-75.28353466,HURTO DE LUMINARIA 
Abril,2022,1665658,A19569&C8-1168,40,0.5,LED,OTRAS MARCAS,AVENIDA LA TOMA,2.930232665,-75.28520803,HURTO DE LUMINARIA 
Abril,2022,1737441,SC,40,0.5,LED,OTRAS MARCAS,AVENIDA LA TOMA,2.930547874,-75.2862757,HURTO DE LUMINARIA 
Abril,2022,1737530,SC,40,0.5,LED,OTRAS MARCAS,AV LA TOMA CON CIRCUNVALAR,2.930881762,-75.29701207,HURTO DE LUMINARIA 
Abril,2022,1737498,SC,40,0.5,LED,OTRAS MARCAS,AVENIDA LA TOMA,2.933105078,-75.28248292,HURTO DE LUMINARIA 
Mayo,2022,1646978,035764,27.8,0.5,LED,SED,SALIDA HACIA BOGOTA ENTRE EL PUENTE EL TIZO Y EL RIO MAGDALENA,2.94776063,-75.3076317,HURTO DE LUMINARIA 
Mayo,2022,1646989,043108,27.8,0.5,LED,SED,SALIDA HACIA BOGOTA ENTRE EL PUENTE EL TIZO Y EL RIO MAGDALENA,2.94748186,-75.3070755,HURTO DE LUMINARIA 
Mayo,2022,1646990,043102,27.8,0.5,LED,SED,SALIDA HACIA BOGOTA ENTRE EL PUENTE EL TIZO Y EL RIO MAGDALENA,2.94742991,-75.3068385,HURTO DE LUMINARIA 
Mayo,2022,1646991,035767,27.8,0.5,LED,SED,SALIDA HACIA BOGOTA ENTRE EL PUENTE EL TIZO Y EL RIO MAGDALENA,2.94725047,-75.3063921,HURTO DE LUMINARIA 
Mayo,2022,1646994,043158,27.8,0.5,LED,SED,SALIDA HACIA BOGOTA ENTRE EL PUENTE EL TIZO Y EL RIO MAGDALENA,2.947260194,-75.30606602,HURTO DE LUMINARIA 
Mayo,2022,1635190,043160,27.8,0.5,LED,SED,SALIDA HACIA BOGOTA ENTRE EL PUENTE EL TIZO Y EL RIO MAGDALENA,2.94727611,-75.30608996,HURTO DE LUMINARIA 
Mayo,2022,1646995,043139,27.8,0.5,LED,SED,SALIDA HACIA BOGOTA ENTRE EL PUENTE EL TIZO Y EL RIO MAGDALENA,2.947355065,-75.30618096,HURTO DE LUMINARIA 
Mayo,2022,1646996,043162,27.8,0.5,LED,SED,SALIDA HACIA BOGOTA ENTRE EL PUENTE EL TIZO Y EL RIO MAGDALENA,2.947430104,-75.306365,HURTO DE LUMINARIA 
Mayo,2022,1646997,043146,27.8,0.5,LED,SED,SALIDA HACIA BOGOTA ENTRE EL PUENTE EL TIZO Y EL RIO MAGDALENA,2.947486068,-75.30649702,HURTO DE LUMINARIA 
Mayo,2022,1646998,043161,27.8,0.5,LED,SED,SALIDA HACIA BOGOTA ENTRE EL PUENTE EL TIZO Y EL RIO MAGDALENA,2.94752203,-75.30665702,HURTO DE LUMINARIA 
Mayo,2022,1646999,043138,27.8,0.5,LED,SED,SALIDA HACIA BOGOTA ENTRE EL PUENTE EL TIZO Y EL RIO MAGDALENA,2.947567044,-75.306802,HURTO DE LUMINARIA 
Mayo,2022,1647000,043141,27.8,0.5,LED,SED,SALIDA HACIA BOGOTA ENTRE EL PUENTE EL TIZO Y EL RIO MAGDALENA,2.947579035,-75.30695201,HURTO DE LUMINARIA 
Mayo,2022,1647001,043145,27.8,0.5,LED,SED,SALIDA HACIA BOGOTA ENTRE EL PUENTE EL TIZO Y EL RIO MAGDALENA,2.947627033,-75.30710004,HURTO DE LUMINARIA 
Mayo,2022,1647003,043140,27.8,0.5,LED,SED,SALIDA HACIA BOGOTA ENTRE EL PUENTE EL TIZO Y EL RIO MAGDALENA,2.94767611,-75.30727301,HURTO DE LUMINARIA 
Mayo,2022,1647002,043152,27.8,0.5,LED,SED,SALIDA HACIA BOGOTA ENTRE EL PUENTE EL TIZO Y EL RIO MAGDALENA,2.947693086,-75.30739098,HURTO DE LUMINARIA 
Mayo,2022,1647004,043156,27.8,0.5,LED,SED,SALIDA HACIA BOGOTA ENTRE EL PUENTE EL TIZO Y EL RIO MAGDALENA,2.947758,-75.307711,HURTO DE LUMINARIA 
Mayo,2022,1722277,039264,27.8,0.5,LED,SED,SALIDA HACIA BOGOTA ENTRE EL PUENTE EL TIZO Y EL RIO MAGDALENA,2.947540105,-75.30770697,HURTO DE LUMINARIA 
Mayo,2022,1647007,043147,27.8,0.5,LED,SED,SALIDA HACIA BOGOTA ENTRE EL PUENTE EL TIZO Y EL RIO MAGDALENA,2.947574115,-75.30740301,HURTO DE LUMINARIA 
Mayo,2022,1647009,043144,27.8,0.5,LED,SED,SALIDA HACIA BOGOTA ENTRE EL PUENTE EL TIZO Y EL RIO MAGDALENA,2.947547,-75.307266,HURTO DE LUMINARIA 
Mayo,2022,1647008,043151,27.8,0.5,LED,SED,SALIDA HACIA BOGOTA ENTRE EL PUENTE EL TIZO Y EL RIO MAGDALENA,2.947523069,-75.30715401,HURTO DE LUMINARIA 
Mayo,2022,1647010,043155,27.8,0.5,LED,SED,SALIDA HACIA BOGOTA ENTRE EL PUENTE EL TIZO Y EL RIO MAGDALENA,2.947456115,-75.30684903,HURTO DE LUMINARIA 
Mayo,2022,1647012,043153,27.8,0.5,LED,SED,SALIDA HACIA BOGOTA ENTRE EL PUENTE EL TIZO Y EL RIO MAGDALENA,2.947370064,-75.30657698,HURTO DE LUMINARIA 
Mayo,2022,1647013,043154,27.8,0.5,LED,SED,SALIDA HACIA BOGOTA ENTRE EL PUENTE EL TIZO Y EL RIO MAGDALENA,2.947262088,-75.30641597,HURTO DE LUMINARIA 
Mayo,2022,1647015,043149,27.8,0.5,LED,SED,SALIDA HACIA BOGOTA ENTRE EL PUENTE EL TIZO Y EL RIO MAGDALENA,2.947106094,-75.306179,HURTO DE LUMINARIA 
Mayo,2022,1647016,043142,27.8,0.5,LED,SED,SALIDA HACIA BOGOTA ENTRE EL PUENTE EL TIZO Y EL RIO MAGDALENA,2.94746804,-75.3063488,HURTO DE LUMINARIA 
Mayo,2022,1638079,035794,27.8,0.5,LED,SED,SALIDA HACIA BOGOTA ENTRE EL PUENTE EL TIZO Y EL RIO MAGDALENA,2.94735962,-75.3066192,HURTO DE LUMINARIA 
Mayo,2022,1664712,011668,27.8,0.5,LED,SED,SALIDA HACIA BOGOTA ENTRE EL PUENTE EL TIZO Y EL RIO MAGDALENA,2.94756773,-75.3066055,HURTO DE LUMINARIA 
Mayo,2022,1638081,035799,27.8,0.5,LED,SED,SALIDA HACIA BOGOTA ENTRE EL PUENTE EL TIZO Y EL RIO MAGDALENA,2.94763924,-75.306847,HURTO DE LUMINARIA 
Mayo,2022,1638082,035800,27.8,0.5,LED,SED,SALIDA HACIA BOGOTA ENTRE EL PUENTE EL TIZO Y EL RIO MAGDALENA,2.94768987,-75.3071076,HURTO DE LUMINARIA 
Mayo,2022,1638085,043109,27.8,0.5,LED,SED,SALIDA HACIA BOGOTA ENTRE EL PUENTE EL TIZO Y EL RIO MAGDALENA,2.94751714,-75.3073276,HURTO DE LUMINARIA 
Mayo,2022,1643384,040004,106.5,0.5,LED,SED,TIZON,2.94755086,-75.3075817,HURTO DE LUMINARIA 
Mayo,2022,1643385,040009,106.5,0.5,LED,SED,TIZON,2.94772525,-75.3073705,HURTO DE LUMINARIA 
Mayo,2022,1647006,043148,27.8,0.5,LED,SED,TIZON,2.947646,-75.307721,HURTO DE LUMINARIA 
Junio,2022,1731257,030344,60.2,0.5,LED,SED,CARACOLI,2.93097377,-75.29850729,HURTO DE LUMINARIA 
Junio,2022,1639240,035640,27.8,0.5,LED,SED,CALLE 13 CRA 5,2.931449,-75.290643,HURTO DE LUMINARIA 
Junio,2022,1650844,026550,92.6,0.5,LED,SED,CRA 9 CON CALLE 11,2.91263007,-75.28206496,HURTO DE LUMINARIA 
Junio,2022,1653597,024528,46.3,0.5,LED,SED,CALLE 9 CON CRA 8,2.929029106,-75.28613197,HURTO DE LUMINARIA 
Junio,2022,1735607,SC,100,0.5,LED,OTRAS MARCAS,POLIDEPORTIVO SAN MIGUEL ARCANGEL,2.941556,-75.247101,HURTO DE LUMINARIA 
Junio,2022,1735610,SC,100,0.5,LED,OTRAS MARCAS,POLIDEPORTIVO SAN MIGUEL ARCANGEL,2.941434,-75.24729,HURTO DE LUMINARIA 
Junio,2022,1735612,SC,100,0.5,LED,OTRAS MARCAS,POLIDEPORTIVO SAN MIGUEL ARCANGEL,2.941362,-75.247259,HURTO DE LUMINARIA 
Junio,2022,1735619,SC,100,0.5,LED,OTRAS MARCAS,POLIDEPORTIVO SAN MIGUEL ARCANGEL,2.941324,-75.247124,HURTO DE LUMINARIA 
Junio,2022,1735621,SC,100,0.5,LED,OTRAS MARCAS,POLIDEPORTIVO SAN MIGUEL ARCANGEL,2.94153,-75.247192,HURTO DE LUMINARIA 
Junio,2022,1735618,SC,100,0.5,LED,OTRAS MARCAS,POLIDEPORTIVO SAN MIGUEL ARCANGEL,2.925726,-75.291784,HURTO DE LUMINARIA 
Julio,2022,1651029,065583,27.8,0.5,LED,SED,INES GARCIA,2.91454403,-75.28888103,HURTO DE LUMINARIA 
Julio,2022,1651657,066654,27.8,0.5,LED,SED,AV SURABASTOS A.P.,2.907676,-75.287391,HURTO DE LUMINARIA 
Agosto,2022,1644866,030737,106.5,0.5,LED,SED,ALTICO,2.930963047,-75.27946902,HURTO DE LUMINARIA 
Agosto,2022,1735616,SC,100,0.5,LED,OTRAS MARCAS,SAN MIGUEL ARCANGEL,2.941284074,-75.247118,HURTO DE LUMINARIA 
Agosto,2022,1639759,A-14818-1,100,0.5,LED,OTRAS MARCAS,QUEBRADITAS,2.92289645,-75.28039835,HURTO DE LUMINARIA 
Agosto,2022,1637184,039912,100,0.5,LED,SED,QUEBRADITAS,2.92283015,-75.28051302,HURTO DE LUMINARIA 
Agosto,2022,1723898,SC,70,0.5,SODIO,OTRAS MARCAS,CALLE 14,2.931277,-75.293854,HURTO DE LUMINARIA 
Agosto,2022,1651118,030625,92.6,0.5,LED,SED,ANDALUCIA,2.91167311,-75.28051002,HURTO DE LUMINARIA 
Agosto,2022,1646391,020981,37,0.5,LED,SED,LUIS EDUARDO VANEGAS,2.971757076,-75.28927497,HURTO DE LUMINARIA 
Agosto,2022,1646395,020990,37,0.5,LED,SED,LUIS EDUARDO VANEGAS,2.97180908,-75.28933401,HURTO DE LUMINARIA 
Agosto,2022,1646394,020983,37,0.5,LED,SED,LUIS EDUARDO VANEGAS,2.97180908,-75.28933401,HURTO DE LUMINARIA 
Agosto,2022,1631692,027382,60.2,0.5,LED,SED,CARACOLI,2.932082086,-75.30059397,HURTO DE LUMINARIA 
Agosto,2022,1631693,027383,60.2,0.5,LED,SED,CARACOLI,2.932082086,-75.30059397,HURTO DE LUMINARIA 
Agosto,2022,1637040,SC&C4-3353,40,0.5,LED,OTRAS MARCAS,AVENIDA LA TOMA,2.933630979,-75.2941172,HURTO DE LUMINARIA 
Agosto,2022,1637041,SC&C4-3354,40,0.5,LED,OTRAS MARCAS,AVENIDA LA TOMA,2.933641073,-75.294104,HURTO DE LUMINARIA 
Agosto,2022,1641148,B0975&C4-3299,150,0.5,SODIO,OTRAS MARCAS,AVENIDA LA TOMA,2.930813137,-75.29705354,HURTO DE LUMINARIA 
Agosto,2022,1647315,A19735&C4-3335,40,0.5,LED,OTRAS MARCAS,AVENIDA LA TOMA,2.934166532,-75.29309991,HURTO DE LUMINARIA 
Agosto,2022,1647316,A19737&C4-3338,40,0.5,LED,OTRAS MARCAS,AVENIDA LA TOMA,2.934099321,-75.29328972,HURTO DE LUMINARIA 
Agosto,2022,1647317,A19738&C4-3339,40,0.5,LED,OTRAS MARCAS,AVENIDA LA TOMA,2.933913061,-75.29335056,HURTO DE LUMINARIA 
Agosto,2022,1647318,A19740&C4-3342,40,0.5,LED,OTRAS MARCAS,AVENIDA LA TOMA,2.930808755,-75.29729771,HURTO DE LUMINARIA 
Agosto,2022,1731456,027550,60.2,0.5,LED,SED,CARACOLI,2.93125838,-75.29902663,HURTO DE LUMINARIA 
Septiembre,2022,1636677,003956,27.8,0.5,LED,SED,BELLA VISTA,2.913022093,-75.26835397,HURTO DE LUMINARIA 
Septiembre,2022,1640764,031021,70,0.5,LED,SED,SECTOR RIO LAS CEIBAS,2.940286049,-75.293803,HURTO DE LUMINARIA 
Septiembre,2022,1631181,D044 - C4-0233,400,0.5,METAL HALIDE,OTRAS MARCAS,POLIDEPORTIVO CAMBULOS,2.945394,-75.287153,HURTO DE LUMINARIA 
Septiembre,2022,1639851,009210,27.8,0.5,LED,SED,CIRCUNVALAR,2.92191127,-75.29221561,HURTO DE LUMINARIA 
Septiembre,2022,1642589,009203,27.8,0.5,LED,SED,CIRCUNVALAR,2.92191127,-75.29221561,HURTO DE LUMINARIA 
Septiembre,2022,1630901,7280&C1-2774,400,0.5,METAL HALIDE,OTRAS MARCAS,CALAMARI,2.971314,-75.295841,HURTO DE LUMINARIA 
Septiembre,2022,1637227,039921,100,0.5,LED,SED,LIMONAR,2.910698045,-75.26441501,HURTO DE LUMINARIA 
Septiembre,2022,1637042,SC&C4-3355,40,0.5,LED,OTRAS MARCAS,AVENIDA LA TOMA,2.933630979,-75.2941172,HURTO DE LUMINARIA 
Septiembre,2022,1637043,SC&C4-3356,40,0.5,LED,OTRAS MARCAS,AVENIDA LA TOMA,2.933630979,-75.2941172,HURTO DE LUMINARIA 
Septiembre,2022,1737417,SC,40,0.5,LED,OTRAS MARCAS,AVENIDA LA TOMA,2.930842179,-75.29725075,HURTO DE LUMINARIA 
Septiembre,2022,1737531,SC,40,0.5,LED,OTRAS MARCAS,AVENIDA LA TOMA,2.93133843,-75.29673048,HURTO DE LUMINARIA 
Octubre,2022,1649989,036199,60.2,0.5,LED,SED,PUENTE DE LA USCO,2.940988,-75.297453,HURTO DE LUMINARIA 
Octubre,2022,1632388,031298,100,0.5,LED,SED,CANCHA DE FUTBOL DE MARGARITAS,2.890747039,-75.25719702,HURTO DE LUMINARIA 
Octubre,2022,1632389,031297,100,0.5,LED,SED,CANCHA DE FUTBOL DE MARGARITAS,2.890747039,-75.25719702,HURTO DE LUMINARIA 
Octubre,2022,1648359,017667,37,0.5,LED,SED,POSTE METALICO PUENTE PEATONAL DE LA USCO,2.941710107,-75.297625,HURTO DE LUMINARIA 
Octubre,2022,1650914,SC&C10-1080,100,0.5,LED,OTRAS MARCAS,CANCHA DE MICROFUT LAS ACACIAS,2.916956073,-75.26621,HURTO DE LUMINARIA 
Octubre,2022,1650919,SC&C10-1085,100,0.5,LED,OTRAS MARCAS,CANCHA DE MICROFUT LAS ACACIAS,2.916924073,-75.266102,HURTO DE LUMINARIA 
Octubre,2022,1635543,N/A&C6-3027,40,0.5,LED,OTRAS MARCAS,VERGEL,2.938151,-75.262309,HURTO DE LUMINARIA 
Octubre,2022,1650912,SC&C10-1078,100,0.5,LED,OTRAS MARCAS,CANCHA DE MICROFUT LAS ACACIAS,2.916878073,-75.266135,HURTO DE LUMINARIA 
Octubre,2022,1650917,SC&C10-1083,100,0.5,LED,OTRAS MARCAS,CANCHA DE MICROFUT LAS ACACIAS,2.916981073,-75.266146,HURTO DE LUMINARIA 
Octubre,2022,1650913,SC&C10-1079,100,0.5,LED,OTRAS MARCAS,CANCHA DE MICROFUT LAS ACACIAS,2.916878073,-75.266135,HURTO DE LUMINARIA 
Octubre,2022,1650915,SC&C10-1081,100,0.5,LED,OTRAS MARCAS,CANCHA DE MICROFUT LAS ACACIAS,2.916956073,-75.26621,HURTO DE LUMINARIA 
Octubre,2022,1650916,SC&C10-1082,100,0.5,LED,OTRAS MARCAS,CANCHA DE MICROFUT LAS ACACIAS,2.916981073,-75.266146,HURTO DE LUMINARIA 
Octubre,2022,1650918,SC&C10-1084,100,0.5,LED,OTRAS MARCAS,CANCHA DE MICROFUT LAS ACACIAS,2.916924073,-75.266102,HURTO DE LUMINARIA 
Octubre,2022,1650024,065168,46.3,0.5,LED,SED,ANDEN AEROPUERTO /PUENTE LA USCO,2.941184,-75.296229,HURTO DE LUMINARIA 
Octubre,2022,1637044,A19251&C4-3358,40,0.5,LED,OTRAS MARCAS,AVENIDA LA TOMA,2.933742423,-75.29397817,HURTO DE LUMINARIA 
Noviembre,2022,1637045,A19252&C4-3359,40,0.5,LED,OTRAS MARCAS,AVENIDA LA TOMA,2.933742423,-75.29397817,HURTO DE LUMINARIA 
Noviembre,2022,1648364,SC&C7-2564,70,0.5,SODIO,OTRAS MARCAS,C 25H 2W 18 ANDAQUIES,2.933169073,-75.293611,HURTO DE LUMINARIA 
Noviembre,2022,1630631,SC&C7-2562,250,0.5,METAL HALIDE,OTRAS MARCAS,CARRERA 38B DIAG20 PARQUE GRUTA,2.933169073,-75.293611,HURTO DE LUMINARIA 
Noviembre,2022,1630479,SC&C7-2563,100,0.5,MERCURIO,OTRAS MARCAS,MONUMENTO LOS POTROS/CRA 2 AV LA TOMA,2.933169073,-75.293611,HURTO DE LUMINARIA 
Noviembre,2022,1648558,041503,27.8,0.5,LED,SED,VANDALIZADA/BARRIO LA GAITANA,2.93224,-75.274182,HURTO DE LUMINARIA 
Noviembre,2022,1648559,041546,27.8,0.5,LED,SED,VANDALIZADA/BARRIO LA GAITANA,2.93224,-75.274182,HURTO DE LUMINARIA 
Noviembre,2022,1639628,041514,27.8,0.5,LED,SED,VANDALIZADA/BARRIO LA GAITANA,2.93222,-75.27392,HURTO DE LUMINARIA 
Noviembre,2022,1639627,041513,27.8,0.5,LED,SED,VANDALIZADA/BARRIO LA GAITANA,2.93222,-75.27392,HURTO DE LUMINARIA 
Noviembre,2022,1650679,029537,92.6,0.5,LED,SED,AV LA TOMA K 16 INTERCAMBIADOR VIAL,2.93494024,-75.28142899,HURTO DE LUMINARIA 
Noviembre,2022,1672849,027892,60.2,0.5,LED,SED,AV CIRCUNVALAR CL 16 PQ CARACOLI,2.931429065,-75.29929497,HURTO DE LUMINARIA 
Noviembre,2022,1672850,027528,60.2,0.5,LED,SED,AV CIRCUNVALAR CL 16 PQ CARACOLI,2.931429065,-75.29929497,HURTO DE LUMINARIA 
Noviembre,2022,1672851,027893,60.2,0.5,LED,SED,AV CIRCUNVALAR CL 16 PQ CARACOLI,2.931429065,-75.29929497,HURTO DE LUMINARIA 
Noviembre,2022,1731461,027541,60.2,0.5,LED,SED,POSTE METALICO PARTIDO/HURTADA,2.931429065,-75.29929497,HURTO DE LUMINARIA 
Noviembre,2022,1721645,SC,150,0.5,LED,OTRAS MARCAS,CALLE 10  3  16 CENTRO,2.92765312,-75.29391704,HURTO DE LUMINARIA 
Noviembre,2022,1721644,SC,150,0.5,LED,OTRAS MARCAS,CALLE 10  3  16 CENTRO,2.92765312,-75.29391704,HURTO DE LUMINARIA 
Noviembre,2022,1631148,D283&C7-0457,400,0.5,METAL HALIDE,OTRAS MARCAS,K 1 CON C 17 ESQUINA POLIDEP,2.936645,-75.304149,HURTO DE LUMINARIA 
Noviembre,2022,1631519,SC&C6-2821,400,0.5,METAL HALIDE,OTRAS MARCAS,POLIDEPORTIVO ORQUIDEA,2.93867,-75.265217,HURTO DE LUMINARIA 
Noviembre,2022,1631480,SC&C6-1293,400,0.5,METAL HALIDE,OTRAS MARCAS,POLIDEPORTIVO ORQUIDEA,2.938649,-75.26537,HURTO DE LUMINARIA 
Noviembre,2022,1631479,SC&C6-1291,400,0.5,METAL HALIDE,OTRAS MARCAS,POLIDEPORTIVO ORQUIDEA,2.938547,-75.265363,HURTO DE LUMINARIA 
Noviembre,2022,1639269,035614,27.8,0.5,LED,SED,CRA 5 CON CALLE 15,2.93312,-75.291252,HURTO DE LUMINARIA 
Noviembre,2022,1648439,043169,27.8,0.5,LED,SED,CRA 23 CON CALLE 20,2.938956,-75.275698,HURTO DE LUMINARIA 
Noviembre,2022,1648915,0605579,35,0.5,LED,SED,TIMANCO,2.911634,-75.275964,HURTO DE LUMINARIA 
Noviembre,2022,1631550,SC&C7-0458,400,0.5,METAL HALIDE,OTRAS MARCAS,RODRIGO LARA,2.936582,-75.304309,HURTO DE LUMINARIA 
Diciembre,2022,1648427,043123,27.8,0.5,LED,SED,CLL 19 CRA 19 Y 23 B LA LIBERTAD,2.940004,-75.274251,HURTO DE LUMINARIA 
Diciembre,2022,1648433,043126,27.8,0.5,LED,SED,BUGANVILES,2.939502,-75.274934,HURTO DE LUMINARIA 
Diciembre,2022,1631588,D1151&C9-2472,400,0.5,METAL HALIDE,OTRAS MARCAS,POLIDEPORTIVO LOS ALPES,2.92319111,-75.2613688,HURTO DE LUMINARIA 
Diciembre,2022,1631589,D1152&C9-2473,400,0.5,METAL HALIDE,OTRAS MARCAS,POLIDEPORTIVO LOS ALPES,2.92324167,-75.2613728,HURTO DE LUMINARIA 
Diciembre,2022,1631590,D1155&C9-2474,400,0.5,METAL HALIDE,OTRAS MARCAS,POLIDEPORTIVO LOS ALPES,2.92329591,-75.2613728,HURTO DE LUMINARIA 
Diciembre,2022,1631591,D1158&C9-2475,400,0.5,METAL HALIDE,OTRAS MARCAS,POLIDEPORTIVO LOS ALPES,2.92335317,-75.2613812,HURTO DE LUMINARIA 
Diciembre,2022,1631592,D1154&C9-2476,400,0.5,METAL HALIDE,OTRAS MARCAS,POLIDEPORTIVO LOS ALPES,2.92339971,-75.2613818,HURTO DE LUMINARIA 
Diciembre,2022,1631593,D1156&C9-2477,400,0.5,METAL HALIDE,OTRAS MARCAS,POLIDEPORTIVO LOS ALPES,2.92340373,-75.2612507,HURTO DE LUMINARIA 
Diciembre,2022,1631594,D1157&C9-2478 ,400,0.5,METAL HALIDE,OTRAS MARCAS,POLIDEPORTIVO LOS ALPES,2.92335384,-75.2612521,HURTO DE LUMINARIA 
Diciembre,2022,1631595,D1159&C9-2479 ,400,0.5,METAL HALIDE,OTRAS MARCAS,POLIDEPORTIVO LOS ALPES,2.92329893,-75.2612514,HURTO DE LUMINARIA 
Diciembre,2022,1631596,D1153&C9-2480,400,0.5,METAL HALIDE,OTRAS MARCAS,POLIDEPORTIVO LOS ALPES,2.92324334,-75.2612501,HURTO DE LUMINARIA 
Diciembre,2022,1631597,D1160&C9-2481 ,400,0.5,METAL HALIDE,OTRAS MARCAS,POLIDEPORTIVO LOS ALPES,2.92318709,-75.2612521,HURTO DE LUMINARIA 
Diciembre,2022,1631941,"D01140&C10-0424
",400,0.5,METAL HALIDE,OTRAS MARCAS,POLIDEPORTIVO LOS ALPES,2.914306107,-75.27955704,HURTO DE LUMINARIA 
Enero,2023,1630788,SC&C1-0311,400,0.5,METAL HALIDE,OTRAS MARCAS,LA VORAGINE,2.969022,-75.297247,HURTO DE LUMINARIA 
Enero,2023,1630789,SC&C1-0313,400,0.5,METAL HALIDE,OTRAS MARCAS,LA VORAGINE,2.968973,-75.297061,HURTO DE LUMINARIA 
Enero,2023,1630787,SC&C1-0309,400,0.5,METAL HALIDE,OTRAS MARCAS,LA VORAGINE,2.969436,-75.297138,HURTO DE LUMINARIA 
Enero,2023,1631930,SC&C10-0331,400,0.5,METAL HALIDE,OTRAS MARCAS,POLIDEPORTIVO TIMANCO,2.914956073,-75.280997,HURTO DE LUMINARIA 
Enero,2023,1631931,SC&C10-0332,400,0.5,METAL HALIDE,OTRAS MARCAS,POLIDEPORTIVO TIMANCO,2.914956073,-75.280997,HURTO DE LUMINARIA 
Enero,2023,1631932,SC&C10-0333,400,0.5,METAL HALIDE,OTRAS MARCAS,POLIDEPORTIVO TIMANCO,2.915114073,-75.28109,HURTO DE LUMINARIA 
Enero,2023,1631933,SC&C10-0334,400,0.5,METAL HALIDE,OTRAS MARCAS,POLIDEPORTIVO TIMANCO,2.915114073,-75.28109,HURTO DE LUMINARIA 
Enero,2023,1631934,SC&C10-0335,400,0.5,METAL HALIDE,OTRAS MARCAS,POLIDEPORTIVO TIMANCO,2.915003073,-75.281263,HURTO DE LUMINARIA 
Enero,2023,1631935,SC&C10-0336,400,0.5,METAL HALIDE,OTRAS MARCAS,POLIDEPORTIVO TIMANCO,2.915003,-75.281263,HURTO DE LUMINARIA 
Febrero,2023,1645640,020996,37,0.5,LED,SED,TIMANCO,2.910554034,-75.26701896,HURTO DE LUMINARIA 
Marzo,2023,1639208,SC,70,0.5,SODIO,OTRAS MARCAS,CANCHAS DE FUTBOL MANZANARES,2.929124061,-75.28978504,HURTO DE LUMINARIA 
Marzo,2023,1659199,032576,27.8,0.5,LED,SED,CALLE 76 CON CRA 5,2.970309101,-75.28724297,HURTO DE LUMINARIA 
Marzo,2023,1631767,SC&C8-1638,400,0.5,METAL HALIDE,OTRAS MARCAS,POLIDEPORTIVO OBRERO,2.926485073,-75.277381,HURTO DE LUMINARIA 
Marzo,2023,1631769,SC&C8-1640,400,0.5,METAL HALIDE,OTRAS MARCAS,POLIDEPORTIVO OBRERO,2.926463073,-75.277251,HURTO DE LUMINARIA 
Marzo,2023,1631768,D0406&C8-1639,400,0.5,METAL HALIDE,OTRAS MARCAS,POLIDEPORTIVO OBRERO,2.926463073,-75.277251,HURTO DE LUMINARIA 
Marzo,2023,1631770,D0405&C8-1641,400,0.5,METAL HALIDE,OTRAS MARCAS,POLIDEPORTIVO OBRERO,2.926335073,-75.277218,HURTO DE LUMINARIA 
Marzo,2023,1631771,SC&C8-1644,400,0.5,METAL HALIDE,OTRAS MARCAS,POLIDEPORTIVO OBRERO,2.926428073,-75.277052,HURTO DE LUMINARIA 
Marzo,2023,1651102,SC&C10-2610,200,0.5,LED,OTRAS MARCAS,CANCHA PEÑO REDONDO,2.918454,-75.26813,HURTO DE LUMINARIA 
Marzo,2023,1651103,SC&C10-2611,200,0.5,LED,OTRAS MARCAS,CANCHA PEÑO REDONDO,2.918446,-75.268205,HURTO DE LUMINARIA 
Marzo,2023,1648115,041598,27.8,0.5,LED,SED,CRA 5 CON CALLE 9,2.9278268,-75.2892215,HURTO DE LUMINARIA 
Marzo,2023,1630756,M1102&C12-3053,1000,0.5,METAL HALIDE,OTRAS MARCAS,CANCHAS SAN JORGE 1 ETAPA,2.904701,-75.271785,HURTO DE LUMINARIA 
Marzo,2023,1630761,M01098&C12-3060,1000,0.5,METAL HALIDE,OTRAS MARCAS,CANCHAS SAN JORGE 1 ETAPA,2.904804,-75.272052,HURTO DE LUMINARIA 
Marzo,2023,1630758,M1101&C12-3056,1000,0.5,METAL HALIDE,OTRAS MARCAS,CANCHAS SAN JORGE 1 ETAPA,2.904762,-75.271919,HURTO DE LUMINARIA 
Marzo,2023,1630769,M01104&C12-3068,1000,0.5,METAL HALIDE,OTRAS MARCAS,CANCHAS SAN JORGE 1 ETAPA,2.904335,-75.271964,HURTO DE LUMINARIA 
Marzo,2023,1648671,008643,27.8,0.5,LED,SED,CRA 14 CON CALLE 4,2.92637509,-75.28006303,HURTO DE LUMINARIA 
Marzo,2023,1750454,SC,200,0.5,LED,OTRAS MARCAS,CANCHAS DE FUTBOL MANZANARES,2.907838073,-75.26678,HURTO DE LUMINARIA 
Marzo,2023,1750456,SC,200,0.5,LED,OTRAS MARCAS,CANCHAS DE FUTBOL MANZANARES,2.907615073,-75.266946,HURTO DE LUMINARIA 
Marzo,2023,1750461,SC,200,0.5,LED,OTRAS MARCAS,CANCHAS DE FUTBOL MANZANARES,2.907516073,-75.266285,HURTO DE LUMINARIA 
Marzo,2023,1750703,SC,200,0.5,LED,OTRAS MARCAS,CANCHAS DE FUTBOL MANZANARES,2.907685,-75.266557,HURTO DE LUMINARIA 
Marzo,2023,1750457,SC,200,0.5,LED,OTRAS MARCAS,CANCHAS DE FUTBOL MANZANARES,2.907442073,-75.266683,HURTO DE LUMINARIA 
Marzo,2023,1750459,SC,200,0.5,LED,OTRAS MARCAS,CANCHAS DE FUTBOL MANZANARES,2.907291073,-75.266389,HURTO DE LUMINARIA 
Marzo,2023,1750455,SC,200,0.5,LED,OTRAS MARCAS,CANCHAS DE FUTBOL MANZANARES,2.907615073,-75.266946,HURTO DE LUMINARIA 
Marzo,2023,1750460,SC,200,0.5,LED,OTRAS MARCAS,CANCHAS DE FUTBOL MANZANARES,2.907291073,-75.266389,HURTO DE LUMINARIA 
Marzo,2023,1750462,SC,200,0.5,LED,OTRAS MARCAS,CANCHAS DE FUTBOL MANZANARES,2.907516073,-75.266285,HURTO DE LUMINARIA 
Marzo,2023,1750702,SC,200,0.5,LED,OTRAS MARCAS,CANCHAS DE FUTBOL MANZANARES,2.907685,-75.266557,HURTO DE LUMINARIA 
Marzo,2023,1750453,SC,200,0.5,LED,OTRAS MARCAS,CANCHAS DE FUTBOL MANZANARES,2.907838073,-75.26678,HURTO DE LUMINARIA 
Marzo,2023,1750458,SC,200,0.5,LED,OTRAS MARCAS,CANCHAS DE FUTBOL MANZANARES,2.907442073,-75.266683,HURTO DE LUMINARIA 
Marzo,2023,1647061,010290,27.8,0.5,LED,SED,CALLE 25 CRA 8,2.942712087,-75.28650799,HURTO DE LUMINARIA 
Marzo,2023,1647060,016663,27.8,0.5,LED,SED,CALLE 25 CRA 8,2.942712087,-75.28650799,HURTO DE LUMINARIA 
Marzo,2023,1630934,031654,200,0.5,LED,SED,POLIDEPORTIVO LA 41,2.951144,-75.296128,HURTO DE LUMINARIA 
Marzo,2023,1630935,031655,200,0.5,LED,SED,POLIDEPORTIVO LA 41,2.951144,-75.296128,HURTO DE LUMINARIA 
Marzo,2023,1749560,031259,150,0.5,LED,SED,CRA 1D CON CALLE 77A,2.97236,-75.291998,HURTO DE LUMINARIA 
Marzo,2023,1754544,031225,150,0.5,LED,SED,CRA 1D CON CALLE 77A,2.972360059,-75.29199803,HURTO DE LUMINARIA 
Marzo,2023,1630913,D286&C2-0062,400,0.5,METAL HALIDE,OTRAS MARCAS,CRA 1A CON CALLE 34,2.947698,-75.297237,HURTO DE LUMINARIA 
Marzo,2023,1644452,C3714&C7-2191,250,0.5,SODIO,OTRAS MARCAS,POLIDEPORTIVO EL LAGO,2.934032,-75.300491,HURTO DE LUMINARIA 
Marzo,2023,1644451,C3708&C7-2190,250,0.5,SODIO,OTRAS MARCAS,POLIDEPORTIVO EL LAGO,2.934032,-75.300491,HURTO DE LUMINARIA 
Marzo,2023,1644446,C3715&C7-2185,250,0.5,SODIO,OTRAS MARCAS,POLIDEPORTIVO EL LAGO,2.933905,-75.300413,HURTO DE LUMINARIA 
Marzo,2023,1644445,C3710&C7-2184,250,0.5,SODIO,OTRAS MARCAS,POLIDEPORTIVO EL LAGO,2.933905,-75.300413,HURTO DE LUMINARIA 
Marzo,2023,1644447,C3713&C7-2186,250,0.5,SODIO,OTRAS MARCAS,POLIDEPORTIVO EL LAGO,2.933998,-75.300259,HURTO DE LUMINARIA 
Marzo,2023,1644448,C3711&C7-2187,250,0.5,SODIO,OTRAS MARCAS,POLIDEPORTIVO EL LAGO,2.933998,-75.300259,HURTO DE LUMINARIA 
Marzo,2023,1644449,C3709&C7-2188,250,0.5,SODIO,OTRAS MARCAS,POLIDEPORTIVO EL LAGO,2.934089,-75.300305,HURTO DE LUMINARIA 
Marzo,2023,1644450,C3712&C7-2189,250,0.5,SODIO,OTRAS MARCAS,POLIDEPORTIVO EL LAGO,2.934089,-75.300305,HURTO DE LUMINARIA 
Marzo,2023,1631187,D041&C4-0240,400,0.5,METAL HALIDE,OTRAS MARCAS,CANCHA CAMBULOS,2.9454,-75.287294,HURTO DE LUMINARIA 
Marzo,2023,1631186,D039&C4-0239,400,0.5,METAL HALIDE,OTRAS MARCAS,CANCHA CAMBULOS,2.945313,-75.287293,HURTO DE LUMINARIA 
Marzo,2023,1631183,D042&C4-0235,400,0.5,METAL HALIDE,OTRAS MARCAS,CANCHA CAMBULOS,2.945495,-75.287093,HURTO DE LUMINARIA 
Marzo,2023,1631182,D040&C4-0234,400,0.5,METAL HALIDE,OTRAS MARCAS,CANCHA CAMBULOS,2.945495,-75.287093,HURTO DE LUMINARIA 
Marzo,2023,1631184,D046&C4-0236,400,0.5,METAL HALIDE,OTRAS MARCAS,CANCHA CAMBULOS,2.945577,-75.287161,HURTO DE LUMINARIA 
Marzo,2023,1631416,028122,92.6,0.5,LED,SED,CANCHA IPANEMA,2.932028079,-75.26032998,HURTO DE LUMINARIA 
Marzo,2023,1631417,029909,92.6,0.5,LED,SED,CANCHA IPANEMA,2.932028079,-75.26032998,HURTO DE LUMINARIA 
Marzo,2023,1631418,028124,92.6,0.5,LED,SED,CANCHA IPANEMA,2.932028079,-75.26032998,HURTO DE LUMINARIA 
Marzo,2023,1631413,028164,92.6,0.5,LED,SED,CANCHA IPANEMA,2.932096053,-75.26019601,HURTO DE LUMINARIA 
Marzo,2023,1631414,028165,92.6,0.5,LED,SED,CANCHA IPANEMA,2.932096053,-75.26019601,HURTO DE LUMINARIA 
Marzo,2023,1631415,028126,92.6,0.5,LED,SED,CANCHA IPANEMA,2.932096053,-75.26019601,HURTO DE LUMINARIA 
Abril,2023,1648811,035547,27.8,0.5,LED,SED,HURTO DE LUMINARIA / PLAZA CIVICA,2.925218114,-75.29087301,HURTO DE LUMINARIA 
Abril,2023,1648810,035559,27.8,0.5,LED,SED,HURTO DE LUMINARIA / PLAZA CIVICA,2.925218114,-75.29087301,HURTO DE LUMINARIA 
Abril,2023,1752722,000666,100,0.5,LED,SED,ALAMOS,2.95766719,-75.28219,HURTO DE LUMINARIA 
Abril,2023,1731746,039944,240,0.5,LED,SED,HURTO DE REFLECTOR/ PUENTE VEREDA NORMANDIA TRIUNFO,2.86598945,-75.22533036,HURTO DE LUMINARIA 
Abril,2023,1639618,041502,27.8,0.5,LED,SED,LA GAITANA,2.932203,-75.27431,HURTO DE LUMINARIA 
Abril,2023,1635944,032012,37,0.5,LED,SED,LA GAITANA,2.932174,-75.274171,HURTO DE LUMINARIA 
Mayo,2023,1636834,053371,37,0.5,LED,SED,VIA PARALELA A GASEOSAS CONDOR,2.904792113,-75.285388,HURTO DE LUMINARIA 
Mayo,2023,1637231,08693,27.8,0.5,LED,SED,PARQUE TIMANCO,2.91083388,-75.27263405,HURTO DE LUMINARIA 
Mayo,2023,1637232,08686,27.8,0.5,LED,SED,PARQUE TIMANCO,2.91073498,-75.2726161,HURTO DE LUMINARIA 
Mayo,2023,1639110,035675,27.8,0.5,LED,SED,CALLE 9 CON CARRERA 5,2.92812004,-75.28932742,HURTO DE LUMINARIA 
Mayo,2023,1648623,028734,74.1,0.5,LED,SED,MONUMENTO CABALLO COLOMBIANO,2.934816104,-75.28001798,HURTO DE LUMINARIA 
Mayo,2023,1720867,SC,60,0.5,SCHREDER TECEO,OTRAS MARCAS,PARQUE SANTANDER,2.926824073,-75.288888,HURTO DE LUMINARIA 
Mayo,2023,1726016,SC,400,0.5,ROY ALPHA,OTRAS MARCAS,TIMANCO 4 ETAPA,2.915219073,-75.280353,HURTO DE LUMINARIA 
Mayo,2023,1735303,031093,70,0.5,LED,SED,MONUMENTO CABALLO COLOMBIANO,2.93491811,-75.28021003,HURTO DE LUMINARIA 
Mayo,2023,1735304,031095,70,0.5,LED,SED,MONUMENTO CABALLO COLOMBIANO,2.93478006,-75.28017301,HURTO DE LUMINARIA 
Mayo,2023,1752666,SC,48,0.5,SCHREDER AVENTOS,OTRAS MARCAS,AEROPUERTO CICLO RUTA,2.94090366,-75.29398642,HURTO DE LUMINARIA 
Mayo,2023,1640979,03923,27.8,0.5,LED,SED,CARRERA 5 CON CALLE 23 METRO,2.937626059,-75.29278999,HURTO DE LUMINARIA 
Mayo,2023,1632229,D1158,400,0.5,ROY ALPHA,OTRAS MARCAS,HURTO DE REFLECTOR PROVISIONAL DEL TIZON,2.942678,-75.302798,HURTO DE LUMINARIA 
Mayo,2023,1640910,023707,46.3,0.5,LED,SED,LAS CEIBAS,2.940075076,-75.29379404,HURTO DE LUMINARIA 
Mayo,2023,1722552,031151,100,0.5,LED,SED,ZONA VERDE VILLA MAGDALENA,2.96290609,-75.29136457,HURTO DE LUMINARIA 
Mayo,2023,1722586,031731,200,0.5,LED,SED,ZONA VERDE VILLA MAGDALENA,2.9626225,-75.29119056,HURTO DE LUMINARIA 
Mayo,2023,1631190,1679-40,40,0.5,SILVANIA,OTRAS MARCAS,HURTO DE LUMINARIA PARQUE QUEBRADITAS X SEGUNDA VEZ,2.92283015,-75.28051302,HURTO DE LUMINARIA 
Mayo,2023,1649851,036171,60.2,0.5,LED,SED,INTERCAMBIADOR VILA DE LA USCO CON POSTE METALICO,2.94104,-75.297895,HURTO DE LUMINARIA 
Mayo,2023,1650025,065192,46.3,0.5,LED,SED,INTERCAMBIADOR VILA DE LA USCO CON POSTE METALICO,2.941165,-75.296386,HURTO DE LUMINARIA 
Mayo,2023,1722551,031179,100,0.5,LED,SED,ZONA VERDE VILLA MAGDALENA,2.96290609,-75.29136457,HURTO DE LUMINARIA 
Mayo,2023,1722557,031139,100,0.5,LED,SED,ZONA VERDE VILLA MAGDALENA,2.96244504,-75.29129349,HURTO DE LUMINARIA 
Mayo,2023,1722585,031732,200,0.5,LED,SED,ZONA VERDE VILLA MAGDALENA,2.96276044,-75.29114865,HURTO DE LUMINARIA 
Mayo,2023,1741862,3812-200,200,0.5,LED,SED,VIA AL CAGUAN CERCA DE LA CANCHA DE CREANDO,2.880885962,-75.25124629,HURTO DE LUMINARIA 
Junio,2023,1631680,069904,200,0.5,LED,SED,ZONA VERDE DEL BARRIO LARABONILLA,2.93709196,-75.30111057,HURTO DE LUMINARIA 
Junio,2023,1639112,035658,27.8,0.5,LED,SED,CARRERA 5 PATONAL DE LA ALCALDIA,2.92812111,-75.28938249,HURTO DE LUMINARIA 
Junio,2023,1648079,035661,200,0.5,LED,SED,CARRERA 5 PATONAL DE LA ALCALDIA,2.92805971,-75.28935903,HURTO DE LUMINARIA 
Junio,2023,1639626,043202,27.8,0.5,LED,SED,LA GAITANA,2.932116,-75.273976,HURTO DE LUMINARIA 
Junio,2023,1639624,041505,27.8,0.5,LED,SED,LA GAITANA,2.932179,-75.274028,HURTO DE LUMINARIA 
Junio,2023,1639623,041508,27.8,0.5,LED,SED,LA GAITANA,2.932179,-75.274028,HURTO DE LUMINARIA 
Junio,2023,1639625,041533,27.8,0.5,LED,SED,LA GAITANA,2.932116,-75.273976,HURTO DE LUMINARIA 
Junio,2023,1648438,043275,27.8,0.5,LED,SED,JARDIN,2.939094,-75.275506,HURTO DE LUMINARIA 
Junio,2023,1734096,031557,300,0.5,LED,SED,SAN PEDRO,2.920641079,-75.29086301,HURTO DE LUMINARIA 
Junio,2023,1749561,031260,150,0.5,LED,SED,VILLA SOLEDAD,2.972133,-75.291911,HURTO DE LUMINARIA 
Junio,2023,1754543,031226,150,0.5,LED,SED,VILLA SOLEDAD,2.972133094,-75.29191104,HURTO DE LUMINARIA 
Junio,2023,1641144,005000,27.8,0.5,LED,SED,"AV, LA TOMA CARRERA 5",2.934218042,-75.291862,HURTO DE LUMINARIA 
Junio,2023,1641140,008516,27.8,0.5,LED,SED,"AV, LA TOMA CARRERA 5",2.934232093,-75.29175699,HURTO DE LUMINARIA 
Junio,2023,1753909,031261,150,0.5,LED,SED,OASIS,2.903468595,-75.26289228,HURTO DE LUMINARIA 
Junio,2023,1753911,031264,150,0.5,LED,SED,OASIS,2.903097642,-75.26300818,HURTO DE LUMINARIA 
Julio,2023,1735136,031191,100,0.5,LED,SED,PARQUE ARRAYANES COMUNA 6,2.915321038,-75.28119497,HURTO DE LUMINARIA 
Julio,2023,1642037,037196,74.1,0.5,LED,SED,SEPARADOR DE LA CALLE 6 CON CARRERA 19/ BARRIO CALIXTO,2.929267109,-75.27617701,HURTO DE LUMINARIA 
Julio,2023,1642038,037128,74.1,0.5,LED,SED,SEPARADOR DE LA CALLE 6 CON CARRERA 19/ BARRIO CALIXTO,2.929267109,-75.27617701,HURTO DE LUMINARIA 
Julio,2023,1632289,031511,300,0.5,LED,SED,ZONA VERDE DEL BARRIO CANAIMA ,2.90645823,-75.27549101,HURTO DE LUMINARIA 
Julio,2023,1632290,031514,300,0.5,LED,SED,ZONA VERDE DEL BARRIO CANAIMA,2.90645823,-75.27549101,HURTO DE LUMINARIA 
Julio,2023,1640897,004910,27.8,0.5,LED,SED,KR 5TA,2.939259059,-75.29338404,HURTO DE LUMINARIA 
Julio,2023,1640935,017101,27.8,0.5,LED,SED,KR 5TA,2.93833116,-75.29317254,HURTO DE LUMINARIA 
Julio,2023,1749152,062131,200,0.5,LED,SED,CANCHA LIMONAR/CLL 17 COMN CRA 35,2.912026423,-75.2662864,HURTO DE LUMINARIA 
Julio,2023,1749153,000612,70,0.5,LED,SED,CANCHA LIMONAR/CLL 17 COMN CRA 36,2.912026423,-75.2662864,HURTO DE LUMINARIA 
Julio,2023,1749150,062135,200,0.5,LED,SED,CANCHA LIMONAR/CLL 17 COMN CRA 37,2.911922677,-75.26657072,HURTO DE LUMINARIA 
Agosto,2023,1720655,010234,27.8,0.5,LED,SED,CL 25D CRA 8D BR CAMBULOS,2.95182692,-75.2975699,HURTO DE LUMINARIA 
Agosto,2023,1751258,031276,150,0.5,LED,SED,BALCONES DEL NORTE CLL 57 20B 20,2.957920047,-75.28221301,HURTO DE LUMINARIA 
Agosto,2023,1630506,039992,150,0.5,LED,SED,BALCONES DEL NORTE CLL 57 20B 20,2.957914,-75.282214,HURTO DE LUMINARIA 
Agosto,2023,1648430,043116,27.8,0.5,LED,SED,CLL 19 CRA 19 Y 23 B LA LIBERTAD,2.939761,-75.274568,HURTO DE LUMINARIA 
Agosto,2023,1649585,025797,60.2,0.5,LED,SED,CAÑA BRAVA POLIDEPORTIVO CALLE 52 ENTRE  28 Y 29,2.960258609,-75.27521264,HURTO DE LUMINARIA 
Agosto,2023,1649617,027597,60.2,0.5,LED,SED,CAÑA BRAVA POLIDEPORTIVO CALLE 52 ENTRE  28 Y 29,2.960258609,-75.27511206,HURTO DE LUMINARIA 
Agosto,2023,1647066,016634,27.8,0.5,LED,SED,CL 25D CRA 8D BR CAMBULOS,2.942606108,-75.287362,HURTO DE LUMINARIA 
Agosto,2023,1648813,035560,27.8,0.5,LED,SED,PLAZA CIVICA LOS LIBERTADORES,2.925179096,-75.29097396,HURTO DE LUMINARIA 
Agosto,2023,1647065,016631,27.8,0.5,LED,SED,CL 25D CRA 8D BR CAMBULOS,2.942646051,-75.28718501,HURTO DE LUMINARIA 
Agosto,2023,1647067,016626,27.8,0.5,LED,SED,CL 25D CRA 8D BR CAMBULOS,2.942606108,-75.287362,HURTO DE LUMINARIA 
Agosto,2023,1647064,016637,27.8,0.5,LED,SED,CL 25D CRA 8D BR CAMBULOS,2.942646051,-75.28718501,HURTO DE LUMINARIA 
Septiembre,2023,1630518,031730,200,0.5,LED,SED ,CRA 6 W CL 34 SANTA INES,2.947520116,-75.30076898,LUMINARIA HURTADA EN EL MES DE AGOSTO
Septiembre,2023,1630517,031729,200,0.5,LED,SED ,CRA 6 W CL 34 SANTA INES,2.947520116,-75.30076898,LUMINARIA HURTADA EN EL MES DE AGOSTO
Septiembre,2023,1630519,031757,200,0.5,LED,SED ,CRA 6 W CL 34 SANTA INES,2.947520116,-75.30076898,LUMINARIA HURTADA EN EL MES DE AGOSTO
Septiembre,2023,1630939,031635,200,0.5,LED,SED ,CL 41 # 1B-14 ECOPARQUE,2.951033,-75.296154,LUMINARIA HURTADA EN EL MES DE AGOSTO
Septiembre,2023,1630938,031634,200,0.5,LED,SED ,CL 41 # 1B-14 ECOPARQUE,2.951033,-75.296154,LUMINARIA HURTADA EN EL MES DE AGOSTO
Septiembre,2023,1648812,035556,27.8,0.5,LED,SED ,PLAZA CIVICA LOS LIBERTADORES,2.925179096,-75.29097396,LUMINARIA HURTADA EN EL MES DE AGOSTO
Septiembre,2023,1750844,031624,200,0.5,LED,SED ,CRA 2 CON CALLE 13 MARTIRES,2.929992501,-75.29350445,HURTO DE LUMINARIA 
Septiembre,2023,1639209,031628,200,0.5,LED,SED ,CRA 2 CON CALLE 13 MARTIRES,2.930175777,-75.2935611,HURTO DE LUMINARIA 
Septiembre,2023,1640962,008577,27.8,0.5,LED,SED ,CRA 5 CON CALLE 21 QUIRINAL,2.936590069,-75.29253102,HURTO DE LUMINARIA 
Septiembre,2023,1750571,3251-150,150,0.5,LED,OTRAS MARCAS,CRA 35 CON CALLE 19S LIMONAR,2.910631073,-75.266927,HURTO DE LUMINARIA 
Septiembre,2023,1721426,SC,150,0.5,LED,OTRAS MARCAS,CRA 35 CON CALLE 19S LIMONAR,2.910365073,-75.2667,HURTO DE LUMINARIA 
Septiembre,2023,1639219,035678,27.8,0.5,LED,SED ,CARRERA 5 CON CALLE 11 CENTRO,2.929932,-75.290105,HURTO DE LUMINARIA 
Septiembre,2023,1639218,035657,27.8,0.5,LED,SED ,CARRERA 5 CON CALLE 11 CENTRO,2.929932,-75.290105,HURTO DE LUMINARIA 
Septiembre,2023,1672659,067150,37,0.5,LED,SED ,K 22 DETRÁS DE JARDINES EL PARAISO,2.898157108,-75.27687803,HURTO DE LUMINARIA 
Septiembre,2023,1672660,067125,37,0.5,LED,SED ,K 22 DETRÁS DE JARDINES EL PARAISO,2.898129053,-75.27654897,HURTO DE LUMINARIA 
Septiembre,2023,1672661,067194,37,0.5,LED,SED ,K 22 DETRÁS DE JARDINES EL PARAISO,2.898109033,-75.27628802,HURTO DE LUMINARIA 
Septiembre,2023,1643409,062987,106.5,0.5,LED,SED ,PUENTE RIO MAGDALENA ,2.947934143,-75.30852503,HURTO DE LUMINARIA 
Octubre,2023,1630891,069948,200,0.5,LED,SED,VICENTE ARAUJO,2.97476061,-75.2898836,HURTO DE LUMINARIA 
Octubre,2023,1630892,031382,200,0.5,LED,SED,VICENTE ARAUJO,2.97476061,-75.2898836,HURTO DE LUMINARIA 
Octubre,2023,1630893,032082,200,0.5,LED,SED,VICENTE ARAUJO,2.97476061,-75.2898836,HURTO DE LUMINARIA 
Octubre,2023,1639641,008648,27.8,0.5,LED,SED,LA GAITANA,2.931394112,-75.27299302,HURTO DE LUMINARIA 
Octubre,2023,1631152,SC&C7-2078,400,0.5,METAL HALIDE,OTRAS MARCAS,RONDA RIO LAS CEIBAS,2.93603583,-75.30385796,HURTO DE LUMINARIA 
Octubre,2023,1638247,025541,27.8,0.5,LED,SED,AEROPUERTO,2.940975091,-75.29404596,HURTO DE LUMINARIA 
Octubre,2023,1650868,008092,27.8,0.5,LED,SED,TIMANCO 4 ETAPA,2.914682169,-75.27963704,HURTO DE LUMINARIA 
Octubre,2023,1650869,008095,27.8,0.5,LED,SED,TIMANCO 4 ETAPA,2.914682169,-75.27963704,HURTO DE LUMINARIA 
Octubre,2023,1731462,027064,60.2,0.5,LED,SED,CARACOLI,2.93144522,-75.29928144,HURTO DE LUMINARIA 
Octubre,2023,1672846,027691,60.2,0.5,LED,SED,CARACOLI,2.93144522,-75.29928144,HURTO DE LUMINARIA 
Octubre,2023,1672870,027879,60.2,0.5,LED,SED,CARACOLI,2.93132233,-75.29907256,HURTO DE LUMINARIA 
Octubre,2023,1672871,026751,60.2,0.5,LED,SED,CARACOLI,2.93132233,-75.29907256,HURTO DE LUMINARIA 
Octubre,2023,1672872,027548,60.2,0.5,LED,SED,CARACOLI,2.93132233,-75.29907256,HURTO DE LUMINARIA 
Octubre,2023,1731457,027527,60.2,0.5,LED,SED,CARACOLI,2.93132233,-75.29907256,HURTO DE LUMINARIA 
Octubre,2023,1648625,028419,74.1,0.5,LED,SED,LA LIBERTAD,2.93491811,-75.28021003,HURTO DE LUMINARIA 
Octubre,2023,1639109,035516,27.8,0.5,LED,SED,CENTRO,2.92819392,-75.28935122,HURTO DE LUMINARIA 
Octubre,2023,1656643,019556,37,0.5,LED,SED,CANDIDO,2.952230433,-75.29496847,HURTO DE LUMINARIA 
Noviembre,2023,1648579,008653,27.8,0.5,LED,SED,GAITANA,2.931394112,-75.27299302,HURTO DE LUMINARIA 
Noviembre,2023,1630562,031685,400,0.5,LED,SED,GRANJAS,2.947112076,-75.29067999,HURTO DE LUMINARIA 
Noviembre,2023,1630561,031677,400,0.5,LED,SED,GRANJAS,2.947112076,-75.29067999,HURTO DE LUMINARIA 
Noviembre,2023,1648619,028414,74.1,0.5,LED,SED,LA LIBERTAD,2.9350251,-75.27968652,HURTO DE LUMINARIA 
Noviembre,2023,1648628,028418,74.1,0.5,LED,SED,LA LIBERTAD,2.93491811,-75.28021003,HURTO DE LUMINARIA 
Noviembre,2023,1648622,028421,74.1,0.5,LED,SED,LA LIBERTAD,2.93500956,-75.27985739,HURTO DE LUMINARIA 
Noviembre,2023,1648624,028732,74.1,0.5,LED,SED,LA LIBERTAD,2.934843062,-75.28002401,HURTO DE LUMINARIA 
Noviembre,2023,1651845,067231,27.8,0.5,LED,SED,VIA CAGUAN,2.88434913,-75.25431613,HURTO DE LUMINARIA 
Noviembre,2023,1651849,067223,27.8,0.5,LED,SED,VIA CAGUAN,2.88472979,-75.25452946,HURTO DE LUMINARIA 
Noviembre,2023,1651793,067238,27.8,0.5,LED,SED,VIA CAGUAN,2.88616395,-75.25555191,HURTO DE LUMINARIA 
Noviembre,2023,1648431,043277,27.8,0.5,LED,SED,LA LIBERTAD,2.939707,-75.274644,HURTO DE LUMINARIA 
Noviembre,2023,1663948,020381,37,0.5,LED,SED,INDEPENDENCIA,2.933344039,-75.26651198,HURTO DE LUMINARIA 
Diciembre,2023,1652159,019205,37,0.5,LED,SED,CANDIDO,2.949306018,-75.2969515,HURTO DE LUMINARIA 
Diciembre,2023,1650720,031144,100,0.5,LED,SED,ALTICO,2.929521062,-75.279065,HURTO DE LUMINARIA 
Diciembre,2023,1650721,031149,100,0.5,LED,SED,ALTICO,2.929619034,-75.27909004,HURTO DE LUMINARIA 
Diciembre,2023,1631748,SC,59,0.5,LED,OTRAS MARCAS,CRISTALINAS,2.926234,-75.261623,HURTO DE LUMINARIA 
Diciembre,2023,1648082,035514,27.8,0.5,LED,SED,CENTRO,2.92827323,-75.28943628,HURTO DE LUMINARIA 
Diciembre,2023,1648081,035691,27.8,0.5,LED,SED,CENTRO,2.92827323,-75.28943628,HURTO DE LUMINARIA 
Diciembre,2023,1648805,009409,27.8,0.5,LED,SED,PLAZA CIVICA,2.925434248,-75.29051691,HURTO DE LUMINARIA 
Diciembre,2023,1648809,035553,27.8,0.5,LED,SED,PLAZA CIVICA,2.925257043,-75.29077098,HURTO DE LUMINARIA 
Diciembre,2023,1648806,035571,27.8,0.5,LED,SED,PLAZA CIVICA,2.925296062,-75.29067003,HURTO DE LUMINARIA 
Diciembre,2023,1639212,035695,27.8,0.5,LED,SED,PLAZA CIVICA,2.929115,-75.289804,HURTO DE LUMINARIA 
Diciembre,2023,1646738,005155,27.8,0.5,LED,SED,CIUDADELA CONFAMILIAR - PARQUE,2.96106253,-75.29931933,HURTO DE LUMINARIA 
Diciembre,2023,1646742,005158,27.8,0.5,LED,SED,CIUDADELA CONFAMILIAR - PARQUE,2.96106253,-75.29928379,HURTO DE LUMINARIA 
Diciembre,2023,1646741,005159,27.8,0.5,LED,SED,CIUDADELA CONFAMILIAR - PARQUE,2.96134044,-75.29932737,HURTO DE LUMINARIA 
Enero,2024,1720660,006850,27.8,0.5,LED,SED,CANDIDO,2.95186308,-75.2974542,HURTO DE LUMINARIA 
Enero,2024,1720656,010233,27.8,0.5,LED,SED,CANDIDO,2.95182692,-75.2975699,HURTO DE LUMINARIA 
Enero,2024,1720689,010238,27.8,0.5,LED,SED,CANDIDO,2.95179879,-75.2974797,HURTO DE LUMINARIA 
Enero,2024,1720671,010239,27.8,0.5,LED,SED,CANDIDO,2.9518085,-75.2972601,HURTO DE LUMINARIA 
Enero,2024,1720668,010242,27.8,0.5,LED,SED,CANDIDO,2.95174555,-75.2972758,HURTO DE LUMINARIA 
Enero,2024,1720665,010249,27.8,0.5,LED,SED,CANDIDO,2.95169968,-75.2974217,HURTO DE LUMINARIA 
Enero,2024,1720667,010252,27.8,0.5,LED,SED,CANDIDO,2.95174555,-75.2972758,HURTO DE LUMINARIA 
Enero,2024,1720657,010254,27.8,0.5,LED,SED,CANDIDO,2.95190527,-75.2974988,HURTO DE LUMINARIA 
Enero,2024,1720672,010255,27.8,0.5,LED,SED,CANDIDO,2.9518085,-75.2972601,HURTO DE LUMINARIA 
Enero,2024,1720659,010257,27.8,0.5,LED,SED,CANDIDO,2.95186308,-75.2974542,HURTO DE LUMINARIA 
Enero,2024,1720664,010261,27.8,0.5,LED,SED,CANDIDO,2.95169968,-75.2974217,HURTO DE LUMINARIA 
Enero,2024,1639091,A20093&C7-1307,70,0.5,SODIO,OTRAS MARCAS,MALECON,2.930541,-75.297385,HURTO DE LUMINARIA 
Enero,2024,1721808,SC,100,0.5,LED,OTRAS MARCAS,EL TESORO,2.946567,-75.266087,HURTO DE LUMINARIA 
Enero,2024,1651190,L0891&C11-1053,200,0.5,LED,OTRAS MARCAS,LIMONAR,2.91017,-75.264489,HURTO DE LUMINARIA 
Enero,2024,1672629,004887,27.8,0.5,LED,SED,ZONA INDUSTRIAL,2.899773087,-75.27794596,HURTO DE LUMINARIA 
Enero,2024,1672712,067423,27.8,0.5,LED,SED,ZONA INDUSTRIAL,2.898709,-75.280644,HURTO DE LUMINARIA 
Enero,2024,1672713,065590,27.8,0.5,LED,SED,ZONA INDUSTRIAL,2.898602,-75.280833,HURTO DE LUMINARIA 
Enero,2024,1751373,062053,100,0.5,LED,SED,4 CENTENARIO,2.902993405,-75.26113151,HURTO DE LUMINARIA 
Enero,2024,1739706,062016,100,0.5,LED,SED,SAN LUIS DE LA PAZ,2.899164708,-75.26505803,HURTO DE LUMINARIA 
Enero,2024,1754103,000695,70,0.5,LED,SED,SAN LUIS DE LA PAZ,2.899164799,-75.26505803,HURTO DE LUMINARIA 
Enero,2024,1739709,062009,100,0.5,LED,SED,SAN LUIS DE LA PAZ,2.89904956,-75.26497126,HURTO DE LUMINARIA 
Enero,2024,1754107,000684,70,0.5,LED,SED,SAN LUIS DE LA PAZ,2.89904956,-75.26497126,HURTO DE LUMINARIA 
Enero,2024,1754106,000691,70,0.5,LED,SED,SAN LUIS DE LA PAZ,2.89904956,-75.26497126,HURTO DE LUMINARIA 
Enero,2024,1739708,062018,100,0.5,LED,SED,SAN LUIS DE LA PAZ,2.898782729,-75.26473707,HURTO DE LUMINARIA 
Enero,2024,1754109,000681,70,0.5,LED,SED,SAN LUIS DE LA PAZ,2.89878282,-75.26473707,HURTO DE LUMINARIA 
Enero,2024,1754108,000682,70,0.5,LED,SED,SAN LUIS DE LA PAZ,2.89878282,-75.26473707,HURTO DE LUMINARIA 
Enero,2024,1754116,000690,70,0.5,LED,SED,SAN LUIS DE LA PAZ,2.898335212,-75.26419321,HURTO DE LUMINARIA 
Enero,2024,1754117,000694,70,0.5,LED,SED,SAN LUIS DE LA PAZ,2.898335212,-75.26419321,HURTO DE LUMINARIA 
Enero,2024,1739710,062013,100,0.5,LED,SED,SAN LUIS DE LA PAZ,2.898182572,-75.26388211,HURTO DE LUMINARIA 
Enero,2024,1754111,000688,70,0.5,LED,SED,SAN LUIS DE LA PAZ,2.898182572,-75.26388211,HURTO DE LUMINARIA 
Enero,2024,1637500,035023,37,0.5,LED,SED,MINUTO DE DIOS,2.973606098,-75.28959598,HURTO DE LUMINARIA 
Enero,2024,1649250,039969,200,0.5,LED,SED,PRADO NORTE,2.9553101,-75.28252496,HURTO DE LUMINARIA 
Febrero,2024,1631250,C1208&C5-0768,200,0.5,LED,OTRAS MARCAS,PALMAS III,2.946667,-75.2374,HURTO DE LUMINARIA 
Febrero,2024,1749449,2312-66,66,0.5,LED,OTRAS MARCAS,VDA LA MOJARRA,2.997348034,-75.15890669,HURTO DE LUMINARIA 
Febrero,2024,1648626,028406,74.1,0.5,LED,SED ,CR 17A CL 15-16 PARQ CABALLOS ESTADIO,2.93495573,-75.28003368,HURTO DE LUMINARIA 
Febrero,2024,1648629,028415,74.1,0.5,LED,SED ,CR 17A CL 15-16 PARQ CABALLOS ESTADIO,2.93487708,-75.28037397,HURTO DE LUMINARIA 
Febrero,2024,1648808,035558,27.8,0.5,LED,SED ,PLAZA CIVICA LOS LIBERTADORES,2.925257043,-75.29077098,HURTO DE LUMINARIA 
Febrero,2024,1648627,028408,74.1,0.5,LED,SED ,CR 17A CL 15-16 PARQ CABALLOS ESTADIO,2.93475106,-75.28035396,HURTO DE LUMINARIA 
Febrero,2024,1639910,043717,27.8,0.5,LED,SED ,PLAZA CIVICA LOS LIBERTADORES,2.925395089,-75.29081304,HURTO DE LUMINARIA 
Febrero,2024,1667907,009155,27.8,0.5,LED,SED ,TAMINCO IV,2.914209098,-75.27965897,HURTO DE LUMINARIA 
Febrero,2024,1731480,009189,27.8,0.5,LED,SED ,TAMINCO IV,2.9145341,-75.27951697,HURTO DE LUMINARIA 
Febrero,2024,1731481,011711,27.8,0.5,LED,SED ,TAMINCO IV,2.914604037,-75.27950196,HURTO DE LUMINARIA 
Febrero,2024,1731482,011575,27.8,0.5,LED,SED ,TAMINCO IV,2.914583075,-75.27939604,HURTO DE LUMINARIA 
Marzo,2024,1750187,063976,200,0.5,LED,SED,C 30  S  30A   81 CANCHA BARRIO EL OASIS,2.900586,-75.263294,HURTO DE LUMINARIA 
Marzo,2024,1750188,063969,200,0.5,LED,SED,C 30  S  30A   81 CANCHA BARRIO EL OASIS,2.900586,-75.263294,HURTO DE LUMINARIA 
Marzo,2024,1750189,063972,200,0.5,LED,SED,C 30  S  30A   81 CANCHA BARRIO EL OASIS,2.900586,-75.263294,HURTO DE LUMINARIA 
Marzo,2024,1750190,063974,200,0.5,LED,SED,C 30  S  30A   81 CANCHA BARRIO EL OASIS,2.900586,-75.263294,HURTO DE LUMINARIA 
Marzo,2024,1722584,031766,200,0.5,LED,SED,C 65A K 3 Y 7 VILLA MAGDALENA,2.96271382,-75.29092154,HURTO DE LUMINARIA 
Marzo,2024,1722583,031762,200,0.5,LED,SED,C 65A K 3 Y 7 VILLA MAGDALENA,2.96256981,-75.29096164,HURTO DE LUMINARIA 
Marzo,2024,1648130,020294,37,0.5,LED,SED,CL 14 CRA 4 CAMELLON,2.93176406,-75.29186549,HURTO DE LUMINARIA 
Marzo,2024,1641719,010299,27.8,0.5,LED,SED,CL 14 CRA 4 CAMELLON,2.93176406,-75.29186549,HURTO DE LUMINARIA 
Marzo,2024,1645639,020995,37,0.5,LED,SED,CALLE 19 SUR ENTRE CARRERA 35 Y 31,2.91036006,-75.266667,HURTO DE LUMINARIA 
Marzo,2024,1637020,015785,27.8,0.5,LED,SED,MIRA RIO,2.965519088,-75.29346202,HURTO DE LUMINARIA 
Marzo,2024,1642649,025464,60.2,0.5,LED,SED,MODELO,2.92840406,-75.28147663,HURTO DE LUMINARIA 
Abril,2024,1646705,015845,27.8,0.5,LED,SED ,INTERCAMBIADOR USCO,2.944454741,-75.29740148,HURTO DE LUMINARIA 
Abril,2024,1672748,069658,27.8,0.5,LED,SED ,CALLE 45A SUR CARRERA 33A MARGARITAS,2.890618,-75.258168,HURTO DE LUMINARIA 
Abril,2024,1631524,048505,400,0.5,METAL HALIDE,OTRAS MARCAS,EL TRIANGULO ,2.945945099,-75.30781199,HURTO DE LUMINARIA 
Abril,2024,1640330,044527,27.8,0.5,LED,SED ,LUIS CARLOS GALÁN II,2.969229204,-75.2902,HURTO DE LUMINARIA 
Abril,2024,1647187,009992,27.8,0.5,LED,SED ,CRA 5 PUENTE RIO LA CEIBAS,2.940855048,-75.29401002,HURTO DE LUMINARIA 
Abril,2024,1647189,017813,27.8,0.5,LED,SED ,CRA 5 PUENTE RIO LA CEIBAS,2.940505057,-75.29387397,HURTO DE LUMINARIA 
Abril,2024,1660349,031119,100,0.5,LED,SED ,GRANJAS,2.951207069,-75.29076303,HURTO DE LUMINARIA 
Abril,2024,1644478,038900,92.6,0.5,LED,SED ,CRA 7 W PUENTE,2.938189067,-75.30119696,HURTO DE LUMINARIA 
Abril,2024,1644477,038891,92.6,0.5,LED,SED ,CRA 7 W PUENTE,2.938189067,-75.30119696,HURTO DE LUMINARIA 
Abril,2024,1652149,031254,150,0.5,LED,SED ,CRA 1A CON CLL34,2.947549939,-75.29753377,HURTO DE LUMINARIA 
Abril,2024,1647592,022350,37,0.5,LED,SED ,AV CL 19 - CRA 47 VILLA CAFE,2.939697061,-75.251932,HURTO DE LUMINARIA 
Abril,2024,1649253,031323,200,0.5,LED,SED ,K 18 CON C 47 EQ PARQUE YAHAIRA,2.95468907,-75.28482203,HURTO DE LUMINARIA 
Abril,2024,1721205,3191-150,150,0.5,LED,OTRAS MARCAS,LOS COLORES,2.939015,-75.250164,HURTO DE LUMINARIA 
Abril,2024,1721206,3193-150,150,0.5,LED,OTRAS MARCAS,LOS COLORES,2.939042,-75.250382,HURTO DE LUMINARIA 
Abril,2024,1721208,3194-150,150,0.5,LED,OTRAS MARCAS,LOS COLORES,2.939519,-75.250425,HURTO DE LUMINARIA 
Abril,2024,1636777,006899,27.8,0.5,LED,SED ,K 33C 29 S PISTA DE PATINAJE IV CENTENARIO,2.900243094,-75.26046997,HURTO DE LUMINARIA 
Abril,2024,1651240,044782,27.8,0.5,LED,SED ,K 33C 29 S PISTA DE PATINAJE IV CENTENARIO,2.900436047,-75.26055001,HURTO DE LUMINARIA 
Abril,2024,1739356,051597,27.8,0.5,LED,SED ,C2C CON K31 POLIDEPORTIVO IPC BR NUEVA GRANADA,2.92248103,-75.2683598,HURTO DE LUMINARIA 
Abril,2024,1739350,051995,27.8,0.5,LED,SED ,NUEVA GRANADA -,2.92253447,-75.2681828,HURTO DE LUMINARIA 
Mayo,2024,1647568,053107,37,0.5,LED,SED ,AV CL 19 - CRA 47 VILLA CAFE,2.939830117,-75.252439,HURTO DE LUMINARIA 
Mayo,2024,1663262,017870,27.8,0.5,LED,SED ,K48 CON C17A VILLA CAFE,2.937771101,-75.25169599,HURTO DE LUMINARIA 
Mayo,2024,1642107,038888,92.6,0.5,LED,SED ,CL 8 # 21-99 AV CL 8 - CRA 16 A 29,2.93229599,-75.27306404,HURTO DE LUMINARIA 
Mayo,2024,1642106,029587,92.6,0.5,LED,SED ,CL 8 # 21-99 AV CL 8 - CRA 16 A 29,2.93229599,-75.27306404,HURTO DE LUMINARIA 
Mayo,2024,1639614,044835,27.8,0.5,LED,SED ,LA GAITANA,2.932096,-75.274393,HURTO DE LUMINARIA 
Mayo,2024,1635943,044840,27.8,0.5,LED,SED ,LA GAITANA,2.932212,-75.274397,HURTO DE LUMINARIA 
Mayo,2024,1648302,027510,60.2,0.5,LED,SED ,CRA 1 CL 17 EMBARCADERO CARACOLI,2.931427114,-75.29981904,HURTO DE LUMINARIA 
Mayo,2024,1648303,036144,60.2,0.5,LED,SED ,CRA 1 CL 17 EMBARCADERO CARACOLI,2.931427114,-75.29981904,HURTO DE LUMINARIA 
Mayo,2024,1651710,069443,27.8,0.5,LED,SED ,ZONA INDUSTRIAL,2.897663,-75.286607,HURTO DE LUMINARIA 
Mayo,2024,1721236,3196-150,150,0.5,LED,OTRAS MARCAS,VILLA CAFÉ,2.937761,-75.251787,HURTO DE LUMINARIA 
Mayo,2024,1651237,006835,27.8,0.5,LED,SED ,K 33C 29 S PISTA DE PATINAJE IV CENTENARIO,2.900494088,-75.26033703,HURTO DE LUMINARIA 
Mayo,2024,1651239,006838,27.8,0.5,LED,SED ,K 33C 29 S PISTA DE PATINAJE IV CENTENARIO,2.900228089,-75.26041004,HURTO DE LUMINARIA 
Mayo,2024,1651230,006593,27.8,0.5,LED,SED ,K 33C 29 S PISTA DE PATINAJE IV CENTENARIO,2.90029708,-75.260574,HURTO DE LUMINARIA 
Mayo,2024,1651231,006837,27.8,0.5,LED,SED ,K 33C 29 S PISTA DE PATINAJE IV CENTENARIO,2.900296052,-75.26071698,HURTO DE LUMINARIA 
Mayo,2024,1651236,006836,27.8,0.5,LED,SED ,K 33C 29 S PISTA DE PATINAJE IV CENTENARIO,2.900609089,-75.26027704,HURTO DE LUMINARIA 
Mayo,2024,1651241,010199,27.8,0.5,LED,SED ,K 33C 29 S PISTA DE PATINAJE IV CENTENARIO,2.9004681,-75.26043502,HURTO DE LUMINARIA 
Mayo,2024,1651242,036397,27.8,0.5,LED,SED ,K 33C 29 S PISTA DE PATINAJE IV CENTENARIO,2.9004681,-75.26043502,HURTO DE LUMINARIA 
Junio,2024,1651035,065541,27.8,0.5,LED,SED,ZONA INDUSTRIAL,2.916468,-75.288737,HURTO DE LUMINARIA 
Junio,2024,1651671,066653,27.8,0.5,LED,SED,ZONA INDUSTRIAL,2.904989,-75.287424,HURTO DE LUMINARIA 
Junio,2024,1651712,069442,27.8,0.5,LED,SED,ZONA INDUSTRIAL,2.897382,-75.286182,HURTO DE LUMINARIA 
Junio,2024,1631297,032030,200,0.5,LED,SED,PUERTAS DEL SOL,2.901943,-75.266664,HURTO DE LUMINARIA 
Junio,2024,1631295,032031,200,0.5,LED,SED,PUERTAS DEL SOL,2.901943,-75.266664,HURTO DE LUMINARIA 
Junio,2024,1642495,028839,74.1,0.5,LED,SED,AV CIRCUNVALAR - CL 8 MALECOM,2.926322048,-75.29423397,HURTO DE LUMINARIA 
Junio,2024,1642496,028857,74.1,0.5,LED,SED,AV CIRCUNVALAR - CL 8 MALECOM,2.926322048,-75.29423397,HURTO DE LUMINARIA 
Junio,2024,1637208,017895,27.8,0.5,LED,SED,C 19S K 37 Y 38 PARQUE LIMONAR,2.91062673,-75.26469735,HURTO DE LUMINARIA 
Junio,2024,1637221,016998,27.8,0.5,LED,SED,C 19S K 37 Y 38 PARQUE LIMONAR,2.91078428,-75.26399761,HURTO DE LUMINARIA 
Junio,2024,1637218,015880,27.8,0.5,LED,SED,C 19S K 37 Y 38 PARQUE LIMONAR,2.91054045,-75.26406102,HURTO DE LUMINARIA 
Junio,2024,1637217,017889,27.8,0.5,LED,SED,C 19S K 37 Y 38 PARQUE LIMONAR,2.91049659,-75.26411064,HURTO DE LUMINARIA 
Junio,2024,1637214,017893,27.8,0.5,LED,SED,C 19S K 37 Y 38 PARQUE LIMONAR,2.91044837,-75.26435874,HURTO DE LUMINARIA 
Junio,2024,1637209,017896,27.8,0.5,LED,SED,C 19S K 37 Y 38 PARQUE LIMONAR,2.91042024,-75.2645636,HURTO DE LUMINARIA 
Junio,2024,1637211,017900,27.8,0.5,LED,SED,C 19S K 37 Y 38 PARQUE LIMONAR,2.91065346,-75.26461788,HURTO DE LUMINARIA 
Junio,2024,1637210,017897,27.8,0.5,LED,SED,C 19S K 37 Y 38 PARQUE LIMONAR,2.91048487,-75.26454952,HURTO DE LUMINARIA 
Junio,2024,1637213,017871,27.8,0.5,LED,SED,C 19S K 37 Y 38 PARQUE LIMONAR,2.91051802,-75.26441239,HURTO DE LUMINARIA 
Junio,2024,1637212,017892,27.8,0.5,LED,SED,C 19S K 37 Y 38 PARQUE LIMONAR,2.91068841,-75.26451854,HURTO DE LUMINARIA 
Junio,2024,1637228,017820,27.8,0.5,LED,SED,C 19S K 37 Y 38 PARQUE LIMONAR,2.91071841,-75.26444264,HURTO DE LUMINARIA 
Junio,2024,1637224,017894,27.8,0.5,LED,SED,C 19S K 37 Y 38 PARQUE LIMONAR,2.91079698,-75.26423125,HURTO DE LUMINARIA 
Junio,2024,1637223,015877,27.8,0.5,LED,SED,C 19S K 37 Y 38 PARQUE LIMONAR,2.91082906,-75.2641361,HURTO DE LUMINARIA 
Junio,2024,1731266,030333,60.2,0.5,LED,SED,AV CIRCUNVALAR CL 16 PQ CARACOLI,2.93054886,-75.29751487,HURTO DE LUMINARIA 
Junio,2024,1648286,025329,60.2,0.5,LED,SED,AV CIRCUNVALAR CL 16 PQ CARACOLI,2.93141106,-75.29869638,HURTO DE LUMINARIA 
Junio,2024,1648300,025327,60.2,0.5,LED,SED,AV CIRCUNVALAR CL 16 PQ CARACOLI,2.93141106,-75.29869638,HURTO DE LUMINARIA 
Junio,2024,1672912,031034,70,0.5,LED,SED,AV CIRCUNVALAR CL 16 PQ CARACOLI,2.93138796,-75.29890627,HURTO DE LUMINARIA 
Junio,2024,1672915,031075,70,0.5,LED,SED,AV CIRCUNVALAR CL 16 PQ CARACOLI,2.93138796,-75.29890627,HURTO DE LUMINARIA 
Junio,2024,1672922,025058,60.2,0.5,LED,SED,AV CIRCUNVALAR CL 16 PQ CARACOLI,2.93144187,-75.29866587,HURTO DE LUMINARIA 
Junio,2024,1672923,025029,60.2,0.5,LED,SED,AV CIRCUNVALAR CL 16 PQ CARACOLI,2.93144187,-75.29866587,HURTO DE LUMINARIA 
Junio,2024,1730715,025044,60.2,0.5,LED,SED,AV CIRCUNVALAR CL 16 PQ CARACOLI,2.93144187,-75.29866587,HURTO DE LUMINARIA 
Junio,2024,1672967,030336,60.2,0.5,LED,SED,AV CIRCUNVALAR CL 16 PQ CARACOLI,2.93054886,-75.29751487,HURTO DE LUMINARIA 
Junio,2024,1672968,026792,60.2,0.5,LED,SED,AV CIRCUNVALAR CL 16 PQ CARACOLI,2.93054886,-75.29751487,HURTO DE LUMINARIA 
Junio,2024,1672969,026222,60.2,0.5,LED,SED,AV CIRCUNVALAR CL 16 PQ CARACOLI,2.93054886,-75.29751487,HURTO DE LUMINARIA 
Julio,2024,1637222,015876,27.8,0.5,LED,SED,C 19S K 37 Y 38 PARQUE LIMONAR,2.91086949,-75.26403168,HURTO DE LUMINARIA 
Julio,2024,1637226,017873,27.8,0.5,LED,SED,C 19S K 37 Y 38 PARQUE LIMONAR,2.91076684,-75.26431653,HURTO DE LUMINARIA 
Julio,2024,1637225,017191,27.8,0.5,LED,SED,C 19S K 37 Y 38 PARQUE LIMONAR,2.91061747,-75.26411097,HURTO DE LUMINARIA 
Julio,2024,1637215,017890,27.8,0.5,LED,SED,C 19S K 37 Y 38 PARQUE LIMONAR,2.91051869,-75.26425514,HURTO DE LUMINARIA 
Julio,2024,1637216,017872,27.8,0.5,LED,SED,C 19S K 37 Y 38 PARQUE LIMONAR,2.91050529,-75.26417602,HURTO DE LUMINARIA 
Julio,2024,1637219,015878,27.8,0.5,LED,SED,C 19S K 37 Y 38 PARQUE LIMONAR,2.91061378,-75.26402246,HURTO DE LUMINARIA 
Julio,2024,1637220,010300,27.8,0.5,LED,SED,C 19S K 37 Y 38 PARQUE LIMONAR,2.91064562,-75.26394142,HURTO DE LUMINARIA 
Julio,2024,1651191,L0892&C11-1054,200,0.5,LED,OTRAS MARCAS,K 37 C 20 S POLIDEPORTIVO LIMONAR BAJO,2.910192,-75.264429,HURTO DE LUMINARIA 
Julio,2024,1631974,031363,200,0.5,LED,SED,LOS MOLINOS,2.948932083,-75.28709304,HURTO DE LUMINARIA 
Julio,2024,1640773,031737,200,0.5,LED,SED,LOS MOLINOS,2.9486601,-75.286515,HURTO DE LUMINARIA 
Julio,2024,1641731,017193,27.8,0.5,LED,SED,CL 14 CRA 4 CAMELLON,2.93140128,-75.29324676,HURTO DE LUMINARIA 
Julio,2024,1641730,017194,27.8,0.5,LED,SED,CL 14 CRA 4 CAMELLON,2.93144065,-75.29309527,HURTO DE LUMINARIA 
Julio,2024,1648136,015875,27.8,0.5,LED,SED,CL 14 CRA 4 CAMELLON,2.9314737,-75.2929682,HURTO DE LUMINARIA 
Julio,2024,1631966,069902,200,0.5,LED,SED,LOS MOLINOS,2.948681083,-75.28688799,HURTO DE LUMINARIA 
Julio,2024,1642782,023257,46.3,0.5,LED,SED,SAN BERNANDO,2.913803113,-75.28558796,HURTO DE LUMINARIA 
Julio,2024,1672690,067219,27.8,0.5,LED,SED,LAS MARGARITAS - CAGUAN,2.88693,-75.255496,HURTO DE LUMINARIA 
Julio,2024,1631520,031334,200,0.5,LED,SED,LA ORQUIDEA,2.938746112,-75.26485998,HURTO DE LUMINARIA 
Julio,2024,1632166,031569,300,0.5,LED,SED,EL LIMONAR,2.910477065,-75.26386904,HURTO DE LUMINARIA 
Julio,2024,1631198,062178,200,0.5,LED,SED,C 14S 20 31 POLIDEPORTIVO LA ESPERANZA,2.913327105,-75.27638899,HURTO DE LUMINARIA 
Julio,2024,1631199,062174,200,0.5,LED,SED,C 14S 20 31 POLIDEPORTIVO LA ESPERANZA,2.913283048,-75.27638304,HURTO DE LUMINARIA 
Julio,2024,1646459,019743,37,0.5,LED,SED,CL 78A # 1E-37 PQ MINUTO DE DIOS,2.97363016,-75.29072146,HURTO DE LUMINARIA 
Julio,2024,1643208,044519,27.8,0.5,LED,SED,LUIS CARLOS GALÁN II,2.96934084,-75.29021335,HURTO DE LUMINARIA 
Julio,2024,1640165,011434,27.8,0.5,LED,SED,LUIS CARLOS GALAN,2.969882913,-75.28822551,HURTO DE LUMINARIA 
Julio,2024,1659225,051599,27.8,0.5,LED,SED,LUIS CARLOS GALAN,2.96988282,-75.28822552,HURTO DE LUMINARIA 
Julio,2024,1640477,016101,27.8,0.5,LED,SED,KR 4 # 74D-15 POLIDEP VIRGILIO BARCO,2.969602052,-75.28770001,HURTO DE LUMINARIA 
Julio,2024,1646407,069981,27.8,0.5,LED,SED,ALBERTO GALINDO,2.977049079,-75.28412999,HURTO DE LUMINARIA 
Julio,2024,1646408,069980,27.8,0.5,LED,SED,ALBERTO GALINDO,2.977147065,-75.28409996,HURTO DE LUMINARIA 
Julio,2024,1646409,069997,27.8,0.5,LED,SED,ALBERTO GALINDO,2.977245057,-75.28404896,HURTO DE LUMINARIA 
Julio,2024,1646410,069995,27.8,0.5,LED,SED,ALBERTO GALINDO,2.977451058,-75.28404002,HURTO DE LUMINARIA 
Julio,2024,1646403,069920,27.8,0.5,LED,SED,LUS IGNACIO ANDRADE,2.977439041,-75.28433004,HURTO DE LUMINARIA 
Julio,2024,1646404,069911,27.8,0.5,LED,SED,LUS IGNACIO ANDRADE,2.977439041,-75.28433004,HURTO DE LUMINARIA 
Julio,2024,1646405,069918,27.8,0.5,LED,SED,LUS IGNACIO ANDRADE,2.977439041,-75.28433004,HURTO DE LUMINARIA 
Julio,2024,1646406,069914,27.8,0.5,LED,SED,LUS IGNACIO ANDRADE,2.977439041,-75.28433004,HURTO DE LUMINARIA 
Julio,2024,1722553,053382,37,0.5,LED,SED,C 65A K 3 Y 7 VILLA MAGDALENA,2.96283678,-75.29132802,HURTO DE LUMINARIA 
Julio,2024,1722554,053333,37,0.5,LED,SED,C 65A K 3 Y 7 VILLA MAGDALENA,2.962662,-75.29129785,HURTO DE LUMINARIA 
Julio,2024,1722555,053331,37,0.5,LED,SED,C 65A K 3 Y 7 VILLA MAGDALENA,2.96258232,-75.29127941,HURTO DE LUMINARIA 
Julio,2024,1749235,048476,100,0.5,LED,SED,MANZANARES V ETAPA ,2.90669952,-75.26524835,HURTO DE LUMINARIA 
Julio,2024,1639114,035512,27.8,0.5,LED,SED,CRA 5 CLL 9,2.92819682,-75.28940881,HURTO DE LUMINARIA 
Julio,2024,1648078,035665,27.8,0.5,LED,SED,CRA 5 CLL 9,2.9283182,-75.28938386,HURTO DE LUMINARIA 
Julio,2024,1639211,035683,27.8,0.5,LED,SED,CRA 5 CLL 13 CENTRO,2.929115,-75.289804,HURTO DE LUMINARIA 
Julio,2024,1648077,035686,27.8,0.5,LED,SED,CRA 5 CLL 9,2.9283182,-75.28938386,HURTO DE LUMINARIA 
Julio,2024,1639205,035687,27.8,0.5,LED,SED,CRA 5 CLL 13 CENTRO,2.929021,-75.289765,HURTO DE LUMINARIA 
Julio,2024,1639206,035692,27.8,0.5,LED,SED,CRA 5 CLL 13 CENTRO,2.929021,-75.289765,HURTO DE LUMINARIA 
Julio,2024,1639115,035694,27.8,0.5,LED,SED,CRA 5 CLL 9,2.92819682,-75.28940881,HURTO DE LUMINARIA 
Julio,2024,1630952,031302,200,0.5,LED,SED,SANTA INÉS,2.94577582,-75.30022985,HURTO DE LUMINARIA 
Julio,2024,1630954,031304,200,0.5,LED,SED,SANTA INÉS,2.945906846,-75.3001679,HURTO DE LUMINARIA 
Julio,2024,1630956,031306,200,0.5,LED,SED,SANTA INÉS,2.946025726,-75.30015722,HURTO DE LUMINARIA 
Julio,2024,1630958,031308,200,0.5,LED,SED,SANTA INÉS,2.946131921,-75.30021718,HURTO DE LUMINARIA 
Julio,2024,1630807,62423,120,0.5,LED,OTRAS MARCAS,CL 89 # 2C-04 POLID DARIO ECHAN,2.979604103,-75.28697397,HURTO DE LUMINARIA 
Julio,2024,1651636,067414,27.8,0.5,LED,SED,ZONA INDUSTRIAL,2.904688,-75.287425,HURTO DE LUMINARIA 
Julio,2024,1726036,008876,27.8,0.5,LED,SED,TUQUILA,2.915144,-75.28132,HURTO DE LUMINARIA 
Julio,2024,1726037,008832,27.8,0.5,LED,SED,TUQUILA,2.915144,-75.28132,HURTO DE LUMINARIA 
Julio,2024,1751169,031205,100,0.5,LED,SED,EL PROGRESO,2.968906089,-75.29106801,HURTO DE LUMINARIA 
Julio,2024,1634752,003787,27.8,0.5,LED,SED,LUIS CARLOS GALAN,2.969923784,-75.28795997,HURTO DE LUMINARIA 
Julio,2024,1724145,018375,27.8,0.5,LED,SED,VIRGILIO BARCO,2.969923784,-75.28795997,HURTO DE LUMINARIA 
Julio,2024,1630873,069954,200,0.5,LED,SED,CL 90 CON KR 1 POLIDEP VILLA MAGDALENA,2.98159,-75.287219,HURTO DE LUMINARIA 
Julio,2024,1735790,064094,92.6,0.5,LED,SED,VIRGILIO BARCO,2.96792731,-75.28755162,HURTO DE LUMINARIA 
Julio,2024,1735789,028560,92.6,0.5,LED,SED,VIRGILIO BARCO,2.96792731,-75.28755162,HURTO DE LUMINARIA 
Julio,2024,1739357,051593,27.8,0.5,LED,SED,K28 #2C-92 FRENTE COLEGIO IPC,2.92248103,-75.2683598,HURTO DE LUMINARIA 
Julio,2024,1739368,051987,27.8,0.5,LED,SED,K28 #2C-92 FRENTE COLEGIO IPC,2.9229464,-75.26774607,HURTO DE LUMINARIA 
Julio,2024,1739369,051594,27.8,0.5,LED,SED,K28 #2C-92 FRENTE COLEGIO IPC,2.9229464,-75.26774607,HURTO DE LUMINARIA 
Agosto,2024,1646739,005161,27.8,0.5,LED,SED,CL 57A # 1AW ESQ CIUDADELA COM,2.96110673,-75.29936291,HURTO DE LUMINARIA 
Agosto,2024,1637905,015736,27.8,0.5,LED,SED,CRA 2 CL 58 A 64,2.95999536,-75.29311947,HURTO DE LUMINARIA 
Agosto,2024,1637907,015737,27.8,0.5,LED,SED,CRA 2 CL 58 A 64,2.95993106,-75.29313776,HURTO DE LUMINARIA 
Agosto,2024,1637908,015738,27.8,0.5,LED,SED,CRA 2 CL 58 A 64,2.95993106,-75.29313776,HURTO DE LUMINARIA 
Agosto,2024,1637906,015757,27.8,0.5,LED,SED,CRA 2 CL 58 A 64,2.95999536,-75.29311947,HURTO DE LUMINARIA 
Agosto,2024,1649648,SC&C4-0320,200,0.5,LED,OTRAS MARCAS,LOS MOLINOS,2.946214,-75.287911,HURTO DE LUMINARIA 
Agosto,2024,1649649,SC&C4-0321,100,0.5,LED,OTRAS MARCAS,LOS MOLINOS,2.946214,-75.287911,HURTO DE LUMINARIA 
Agosto,2024,1646490,020771,37,0.5,LED,SED,CLL 80 NO 1C-22 VILLA MARCELA   ,2.9732663,-75.2917914,HURTO DE LUMINARIA 
Agosto,2024,1646484,020799,37,0.5,LED,SED,CLL 80 NO 1C-22 VILLA MARCELA   ,2.97327352,-75.29156954,HURTO DE LUMINARIA 
Agosto,2024,1646487,020769,37,0.5,LED,SED,CLL 80 NO 1C-22 VILLA MARCELA   ,2.9733058,-75.29169615,HURTO DE LUMINARIA 
Agosto,2024,1669410,004377,27.8,0.5,LED,SED,ZONA INDUSTRIAL,2.912367028,-75.26861999,HURTO DE LUMINARIA 
Agosto,2024,1665849,041537,27.8,0.5,LED,SED,LA GAITANA,2.932085,-75.27415,HURTO DE LUMINARIA 
Agosto,2024,1665848,041501,27.8,0.5,LED,SED,LA GAITANA,2.932085,-75.27415,HURTO DE LUMINARIA 
Agosto,2024,1658472,008346,27.8,0.5,LED,SED,LAS MERCEDES,2.96319461,-75.29307755,HURTO DE LUMINARIA 
Agosto,2024,1631859,031558,300,0.5,LED,SED,SAN PEDRO,2.920509585,-75.29067483,HURTO DE LUMINARIA 
Agosto,2024,1631858,031548,300,0.5,LED,SED,SAN PEDRO,2.920509585,-75.29067483,HURTO DE LUMINARIA 
Agosto,2024,1754547,062196,200,0.5,LED,SED,COMBEIMA,2.969889098,-75.28982097,HURTO DE LUMINARIA 
Agosto,2024,1646448,019882,37,0.5,LED,SED,CL 78A # 1E-37 PQ MINUTP DE DIOS,2.97320535,-75.29065378,HURTO DE LUMINARIA 
Agosto,2024,1646447,019883,37,0.5,LED,SED,CL 78A # 1E-37 PQ MINUTP DE DIOS,2.97320803,-75.29057968,HURTO DE LUMINARIA 
Agosto,2024,1646449,019884,37,0.5,LED,SED,CL 78A # 1E-37 PQ MINUTP DE DIOS,2.97326301,-75.29076834,HURTO DE LUMINARIA 
Agosto,2024,1646453,019889,37,0.5,LED,SED,CL 78A # 1E-37 PQ MINUTP DE DIOS,2.97330513,-75.29052202,HURTO DE LUMINARIA 
Agosto,2024,1646454,019888,37,0.5,LED,SED,CL 78A # 1E-37 PQ MINUTP DE DIOS,2.97330346,-75.29057533,HURTO DE LUMINARIA 
Agosto,2024,1646456,019744,37,0.5,LED,SED,CL 78A # 1E-37 PQ MINUTP DE DIOS,2.97366765,-75.29035299,HURTO DE LUMINARIA 
Septiembre,2024,1630949,032064,200,0.5,LED,SED,ÁLVARO SÁNCHEZ SILVA,2.944517089,-75.29052004,HURTO DE LUMINARIA 
Septiembre,2024,1631682,D968&C10-2084,400,0.5,METAL HALIDE,OTRAS MARCAS,CRA 28 CL 11S POLIDEPORTIVO GALAN,2.915429,-75.270326,HURTO DE LUMINARIA 
Septiembre,2024,1631724,D971&C10-2088,400,0.5,METAL HALIDE,OTRAS MARCAS,CRA 28 CL 11S POLIDEPORTIVO GALAN,2.915584,-75.270216,HURTO DE LUMINARIA 
Septiembre,2024,1630822,031339,200,0.5,LED,SED,CRA 2 CL 78 Y 78B POLID LUIS E. VANEGAS,2.972426045,-75.28913099,HURTO DE LUMINARIA 
Septiembre,2024,1639111,035660,27.8,0.5,LED,SED,CRA 5 CLL 9,2.92812004,-75.28932742,HURTO DE LUMINARIA 
Septiembre,2024,1639113,035677,27.8,0.5,LED,SED,CRA 5 CLL 9,2.92812111,-75.28938249,HURTO DE LUMINARIA 
Septiembre,2024,1648080,035673,27.8,0.5,LED,SED,CRA 5 CLL 9,2.92825773,-75.28937663,HURTO DE LUMINARIA 
Septiembre,2024,1651200,SC&C11-1640,150,0.5,LED,OTRAS MARCAS,CRA 32 CLL 29 A S. PTA. SOL 6 DE,2.89918819,-75.26514933,HURTO DE LUMINARIA 
Septiembre,2024,1722445,SC,71,0.5,LED,OTRAS MARCAS,K 6W C 44 SAN SILVESTRE,2.95211948,-75.30202854,HURTO DE LUMINARIA 
Septiembre,2024,1722446,SC,71,0.5,LED,OTRAS MARCAS,K 6W C 44 SAN SILVESTRE,2.95211948,-75.30202854,HURTO DE LUMINARIA 
Septiembre,2024,1722325,SC,71,0.5,LED,OTRAS MARCAS,CRA 6W CL 26-29,2.94831184,-75.30189462,HURTO DE LUMINARIA 
Septiembre,2024,1722326,SC,71,0.5,LED,OTRAS MARCAS,CRA 6W CL 26-29,2.94831184,-75.30189462,HURTO DE LUMINARIA 
Septiembre,2024,1631577,031126,100,0.5,LED,SED,LOS MARTIRES,2.929887,-75.296892,HURTO DE LUMINARIA 
Septiembre,2024,1647978,031098,70,0.5,LED,SED,LOS MARTIRES,2.929626,-75.296577,HURTO DE LUMINARIA 
Septiembre,2024,1731541,040539,37,0.5,LED,SED,LAS AMERICAS,2.92674906,-75.26953799,HURTO DE LUMINARIA 
Septiembre,2024,1666338,040527,37,0.5,LED,SED,LAS AMERICAS,2.926830038,-75.26950399,HURTO DE LUMINARIA 
Octubre,2024,1646714,033582,27.8,0.5,LED,SED,VIRGILIO BARCO - LUIS CARLOS GALÁN,2.969001047,-75.28948599,HURTO DE LUMINARIA 
Octubre,2024,1650989,068367,92.6,0.5,LED,SED,AV SURABASTOS,2.916717,-75.288664,HURTO DE LUMINARIA 
Octubre,2024,1650990,068341,92.6,0.5,LED,SED,AV SURABASTOS,2.917045,-75.288645,HURTO DE LUMINARIA 
Octubre,2024,1650992,029562,92.6,0.5,LED,SED,AV SURABASTOS,2.91769029,-75.28856282,HURTO DE LUMINARIA 
Octubre,2024,1650995,038454,92.6,0.5,LED,SED,AV SURABASTOS,2.917606,-75.288801,HURTO DE LUMINARIA 
Octubre,2024,1650975,068331,92.6,0.5,LED,SED,AV SURABASTOS,2.912794094,-75.28880896,HURTO DE LUMINARIA 
Octubre,2024,1650983,068333,92.6,0.5,LED,SED,AV SURABASTOS,2.91497,-75.2887,HURTO DE LUMINARIA 
Octubre,2024,1637098,3510-35,35,0.5,LED,OTRAS MARCAS,AV LA TOMA CARRERA 5 A CARRERA 9,2.933852,-75.29154,HURTO DE LUMINARIA 
Octubre,2024,1637093,3702-35,35,0.5,LED,OTRAS MARCAS,AV LA TOMA CARRERA 5 A CARRERA 9,2.933965,-75.291584,HURTO DE LUMINARIA 
Octubre,2024,1650986,068336,92.6,0.5,LED,SED,AV SURABASTOS,2.915921,-75.288694,HURTO DE LUMINARIA 
Octubre,2024,1648128,015879,27.8,0.5,LED,SED,CL 14 CRA 4 CAMELLON,2.93208987,-75.29109289,HURTO DE LUMINARIA 
Octubre,2024,1641711,010297,27.8,0.5,LED,SED,CL 14 CRA 4 CAMELLON,2.93186886,-75.29146124,HURTO DE LUMINARIA 
Octubre,2024,1641710,020296,37,0.5,LED,SED,CL 14 CRA 4 CAMELLON,2.93183305,-75.29159046,HURTO DE LUMINARIA 
Octubre,2024,1641720,010292,27.8,0.5,LED,SED,CL 14 CRA 4 CAMELLON,2.93172392,-75.2920063,HURTO DE LUMINARIA 
Octubre,2024,1648135,017197,27.8,0.5,LED,SED,CL 14 CRA 4 CAMELLON,2.93150795,-75.29283198,HURTO DE LUMINARIA 
Octubre,2024,1638190,038329,27.8,0.5,LED,SED,GRANJAS,2.949085067,-75.29056298,HURTO DE LUMINARIA 
Octubre,2024,1647136,035937,27.8,0.5,LED,SED,GRANJAS,2.95037,-75.28978,HURTO DE LUMINARIA 
Octubre,2024,1735514,067754,74.1,0.5,LED,SED,VILLA NAZARET,2.976318114,-75.287145,HURTO DE LUMINARIA 
Octubre,2024,1648616,028774,74.1,0.5,LED,SED,CR 17A CL 15-16 PARQ CABALLOS ESTADIO,2.93512856,-75.27919756,HURTO DE LUMINARIA 
Octubre,2024,1642374,062536,200,0.5,LED,SED,ALCALDIA - CENTRO ,2.920155036,-75.28962302,HURTO DE LUMINARIA 
Octubre,2024,1755636,062535,200,0.5,LED,SED,AVENIDA CIRCUNVALAR,2.91995608,-75.28967201,HURTO DE LUMINARIA 
Octubre,2024,1645106,062534,200,0.5,LED,SED,ALCALDIA - CENTRO ,2.91995608,-75.28967201,HURTO DE LUMINARIA 
Octubre,2024,1755634,062537,200,0.5,LED,SED,AVENIDA CIRCUNVALAR,2.920155036,-75.28962302,HURTO DE LUMINARIA 
Octubre,2024,1651040,012257,27.8,0.5,LED,SED,AV SURABASTOS,2.917768143,-75.28869901,HURTO DE LUMINARIA 
Octubre,2024,1651039,065589,27.8,0.5,LED,SED,ZONA INDUSTRIAL,2.917525,-75.288647,HURTO DE LUMINARIA 
Octubre,2024,1651038,065523,27.8,0.5,LED,SED,AV SURABASTOS,2.91736807,-75.28876199,HURTO DE LUMINARIA 
Octubre,2024,1651037,065587,27.8,0.5,LED,SED,ZONA INDUSTRIAL,2.916864,-75.288714,HURTO DE LUMINARIA 
Octubre,2024,1651036,065525,27.8,0.5,LED,SED,AV SURABASTOS,2.916740105,-75.28882104,HURTO DE LUMINARIA 
Octubre,2024,1651034,065510,27.8,0.5,LED,SED,AV SURABASTOS,2.916098035,-75.28884796,HURTO DE LUMINARIA 
Octubre,2024,1651033,066659,27.8,0.5,LED,SED,AV SURABASTOS,2.915645049,-75.28886701,HURTO DE LUMINARIA 
Octubre,2024,1651032,065570,27.8,0.5,LED,SED,ZONA INDUSTRIAL,2.915349,-75.288759,HURTO DE LUMINARIA 
Octubre,2024,1651031,065588,27.8,0.5,LED,SED,AV SURABASTOS,2.915080068,-75.28885796,HURTO DE LUMINARIA 
Octubre,2024,1651030,065521,27.8,0.5,LED,SED,ZONA INDUSTRIAL,2.914785,-75.288772,HURTO DE LUMINARIA 
Octubre,2024,1651005,068332,92.6,0.5,LED,SED,AV SURABASTOS,2.914856,-75.28895,HURTO DE LUMINARIA 
Octubre,2024,1651029,065585,27.8,0.5,LED,SED,AV SURABASTOS,2.91454403,-75.28888103,HURTO DE LUMINARIA 
Octubre,2024,1651028,065520,27.8,0.5,LED,SED,ZONA INDUSTRIAL,2.914323,-75.288775,HURTO DE LUMINARIA 
Octubre,2024,1651027,065524,27.8,0.5,LED,SED,AV SURABASTOS,2.913955071,-75.288887,HURTO DE LUMINARIA 
Octubre,2024,1651023,065584,27.8,0.5,LED,SED,AV SURABASTOS,2.912459238,-75.28856395,HURTO DE LUMINARIA 
Octubre,2024,1651018,033469,27.8,0.5,LED,SED,ZONA INDUSTRIAL,2.911142084,-75.28753296,HURTO DE LUMINARIA 
Octubre,2024,1651016,033471,27.8,0.5,LED,SED,ZONA INDUSTRIAL,2.91057796,-75.28739832,HURTO DE LUMINARIA 
Noviembre,2024,1739576,3160-150,150,0.5,LED,OTRAS MARCAS,C25B CON K 7A BR ALVARO SANCHEZ SILVA COMUNA 2,2.942085,-75.28879,HURTO DE LUMINARIA 
Noviembre,2024,1739577,3159-150,150,0.5,LED,OTRAS MARCAS,C25B CON K 7A BR ALVARO SANCHEZ SILVA COMUNA 2,2.942085,-75.28879,HURTO DE LUMINARIA 
Noviembre,2024,1638089,035798,27.8,0.5,LED,SED,ANDENES ENTRE 7W Y PTE SANTANDER,2.945473112,-75.30489403,HURTO DE LUMINARIA 
Noviembre,2024,1646988,035789,27.8,0.5,LED,SED,ANDENES ENTRE 7W Y PTE SANTANDER,2.946481079,-75.30538301,HURTO DE LUMINARIA 
Noviembre,2024,1638087,035793,27.8,0.5,LED,SED,ANDENES ENTRE 7W Y PTE SANTANDER,2.945721038,-75.30507901,HURTO DE LUMINARIA 
Noviembre,2024,1638086,035797,27.8,0.5,LED,SED,ANDENES ENTRE 7W Y PTE SANTANDER,2.945843059,-75.30516003,HURTO DE LUMINARIA 
Noviembre,2024,1638084,043106,27.8,0.5,LED,SED,ANDENES ENTRE 7W Y PTE SANTANDER,2.946056072,-75.30531396,HURTO DE LUMINARIA 
Noviembre,2024,1638080,043110,27.8,0.5,LED,SED,EL TRIÁNGULO,2.946638031,-75.30575604,HURTO DE LUMINARIA 
Noviembre,2024,1647017,035766,27.8,0.5,LED,SED,ANDENES ENTRE 7W Y PTE SANTANDER,2.946843081,-75.30591797,HURTO DE LUMINARIA 
Noviembre,2024,1647005,043150,27.8,0.5,LED,SED,EL TRIÁNGULO,2.94769,-75.307847,HURTO DE LUMINARIA 
Noviembre,2024,1646993,043157,27.8,0.5,LED,SED,ANDENES ENTRE 7W Y PTE SANTANDER,2.947085101,-75.30586504,HURTO DE LUMINARIA 
Noviembre,2024,1646979,043101,27.8,0.5,LED,SED,ANDENES ENTRE 7W Y PTE SANTANDER,2.945676055,-75.30482201,HURTO DE LUMINARIA 
Noviembre,2024,1646980,035792,27.8,0.5,LED,SED,ANDENES ENTRE 7W Y PTE SANTANDER,2.945464042,-75.30465098,HURTO DE LUMINARIA 
Noviembre,2024,1646981,032317,27.8,0.5,LED,SED,ANDENES ENTRE 7W Y PTE SANTANDER,2.945353058,-75.30456996,HURTO DE LUMINARIA 
Noviembre,2024,1650994,068355,92.6,0.5,LED,SED,AV SURABASTOS,2.917959,-75.288772,HURTO DE LUMINARIA 
Noviembre,2024,1650987,068365,92.6,0.5,LED,SED,AV SURABASTOS,2.916219,-75.288691,HURTO DE LUMINARIA 
Noviembre,2024,1650985,068366,92.6,0.5,LED,SED,AV SURABASTOS,2.915614,-75.288705,HURTO DE LUMINARIA 
Noviembre,2024,1650984,068395,92.6,0.5,LED,SED,AV SURABASTOS,2.915281043,-75.28869703,HURTO DE LUMINARIA 
Noviembre,2024,1749073,000609,70,0.5,LED,SED,VICENTE ARAUJO,2.973927897,-75.28925817,HURTO DE LUMINARIA 
Noviembre,2024,1749072,000607,70,0.5,LED,SED,VICENTE ARAUJO,2.973927897,-75.28925817,HURTO DE LUMINARIA 
Noviembre,2024,1749071,000608,70,0.5,LED,SED,VICENTE ARAUJO,2.974066566,-75.28933631,HURTO DE LUMINARIA 
Noviembre,2024,1749070,000606,70,0.5,LED,SED,VICENTE ARAUJO,2.974066566,-75.28933631,HURTO DE LUMINARIA 
Noviembre,2024,1749069,000610,70,0.5,LED,SED,VICENTE ARAUJO,2.974066566,-75.28933631,HURTO DE LUMINARIA 
Noviembre,2024,1638115,024033,46.3,0.5,LED,SED,C 37 CON K 17 PARQUE VILLA MILENA,2.949040089,-75.28539902,HURTO DE LUMINARIA 
Noviembre,2024,1638113,033280,27.8,0.5,LED,SED,LOS ANDES,2.948837083,-75.28572201,HURTO DE LUMINARIA 
Noviembre,2024,1645500,038398,92.6,0.5,LED,SED,SEVILLA,2.91585403,-75.28321196,HURTO DE LUMINARIA 
Noviembre,2024,1650998,068325,92.6,0.5,LED,SED,AV SURABASTOS,2.916875,-75.288894,HURTO DE LUMINARIA 
Diciembre,2024,1640069,008680,27.8,0.5,LED,SED,C18B #23A-29 TIMA,2.91085822,-75.27189307,HURTO DE LUMINARIA 
Diciembre,2024,1766700,048498,70,0.5,LED,SED,LA ESPERANZA,2.913309138,-75.27660755,HURTO DE LUMINARIA 
Diciembre,2024,1766696,048497,70,0.5,LED,SED,LA ESPERANZA,2.913260738,-75.2766016,HURTO DE LUMINARIA 
Diciembre,2024,1649555,024023,46.3,0.5,LED,SED,C 37 K 18 PARQUE VILLA MILENA,2.949444117,-75.28508696,HURTO DE LUMINARIA 
Diciembre,2024,1721430,012279,27.8,0.5,LED,SED,MANZANARES,2.912792087,-75.26810899,HURTO DE LUMINARIA 
Diciembre,2024,1650695,L054&C9-0026,100,0.5,LED,OTRAS MARCAS,K 31 CON C 3 LOS PARQUES,2.92705382,-75.2658762,HURTO DE LUMINARIA 
Diciembre,2024,1631120,031379,200,0.5,LED,SED,LOS ANDES,2.94744506,-75.284184,HURTO DE LUMINARIA 
Diciembre,2024,1631118,031367,200,0.5,LED,SED,LOS ANDES,2.948065062,-75.28448497,HURTO DE LUMINARIA 
Enero,2025,1649288,032069,70,0.5,LED,SED,CALLE  56B CARRERA 7 BARRIO VILLA CAROLINA,2.958257077,-75.28665901,HURTO DE LUMINARIA 
Enero,2025,1649289,031017,70,0.5,LED,SED,CALLE  56B CARRERA 7 BARRIO VILLA CAROLINA,2.958257077,-75.28665901,HURTO DE LUMINARIA 
Enero,2025,1649290,032071,70,0.5,LED,SED,CALLE  56B CARRERA 7 BARRIO VILLA CAROLINA,2.958257077,-75.28665901,HURTO DE LUMINARIA 
Enero,2025,1649291,031016,70,0.5,LED,SED,CALLE  56B CARRERA 7 BARRIO VILLA CAROLINA,2.958257077,-75.28665901,HURTO DE LUMINARIA 
Enero,2025,1649824,040119,106.5,0.5,LED,SED,AV 2 CON CARRERA 26 BARRIO BARRIO CANDIDO,2.94129375,-75.29900048,HURTO DE LUMINARIA 
Enero,2025,1739897,054387,46.3,0.5,LED,SED,AV 2 CON CARRERA 26 BARRIO BARRIO CANDIDO,2.94119765,-75.29609632,HURTO DE LUMINARIA 
Enero,2025,1635735,020483,37,0.5,LED,SED,AV 2 CON CARRERA 26 BARRIO BARRIO CANDIDO,2.94168584,-75.29779382,HURTO DE LUMINARIA 
Enero,2025,1649999,036234,60.2,0.5,LED,SED,AV 2 CON CARRERA 26 BARRIO BARRIO CANDIDO,2.94156563,-75.29766373,HURTO DE LUMINARIA 
Enero,2025,1646463,020774,37,0.5,LED,SED,CALLE 79 CON CARRERA 1D BARRIO VILLA MARCELA,2.97335394,-75.29199994,HURTO DE LUMINARIA 
Enero,2025,1672716,066923,27.8,0.5,LED,SED,CALLE 29 SUR LOTE INTERNO GLORIETA CARRERA 5 SALIDA AL SUR BARRIO ZONA INDUSTRIAL,2.89843,-75.281353,HURTO DE LUMINARIA 
Enero,2025,1648934,020823,37,0.5,LED,SED,CALLE 16 Y 15 CON CARRERA 18 Y 20 SUR BARRIO ESPERANZA,2.912533098,-75.27693903,HURTO DE LUMINARIA 
Enero,2025,1720643,010260,27.8,0.5,LED,SED,CALLE 43 CON CARRERA 1 BARRIO CANDIDO,2.95175727,-75.2977177,HURTO DE LUMINARIA 
Enero,2025,1720663,010251,27.8,0.5,LED,SED,CALLE 43 CON CARRERA 1 BARRIO CANDIDO,2.95190125,-75.2973771,HURTO DE LUMINARIA 
Enero,2025,1720670,010259,27.8,0.5,LED,SED,CALLE 43 CON CARRERA 1 BARRIO CANDIDO,2.95174723,-75.297194,HURTO DE LUMINARIA 
Enero,2025,1720666,006868,27.8,0.5,LED,SED,CALLE 43 CON CARRERA 1 BARRIO CANDIDO,2.95162301,-75.2973637,HURTO DE LUMINARIA 
Enero,2025,1722620,3352-150,150,0.5,LED,OTRAS MARCAS,TRANSVERSAL 7 CALLE 55 BARRIO MUNICIPAL,2.95669029,-75.28975808,HURTO DE LUMINARIA 
Enero,2025,1722619,3354-150,150,0.5,LED,OTRAS MARCAS,TRANSVERSAL 7 CALLE 55 BARRIO MUNICIPAL,2.95687,-75.289958,HURTO DE LUMINARIA 
Enero,2025,1758279,3632-150,150,0.5,LED,OTRAS MARCAS,CALLE 18 ESTE SUR CARRERA 25 BARRIO TIMANCO ,2.910956073,-75.272252,HURTO DE LUMINARIA 
Enero,2025,1640060,008672,27.8,0.5,LED,SED,CALLE 18 ESTE SUR CARRERA 25 BARRIO TIMANCO ,2.91089773,-75.27211837,HURTO DE LUMINARIA 
Febrero,2025,1729184,1878-50,50,0.5,LED,OTRAS MARCAS,CARRERA 22 CALLE 40 BARRIO VILLA NUBIA,2.95302793,-75.27925607,HURTO DE LUMINARIA 
Febrero,2025,1631058,031395,200,0.5,LED,SED,CALLE 47 CARRERA 18B - CARRERA 18 BARRIO PARQUÉ YAHAIRA,2.95477945,-75.28502619,HURTO DE LUMINARIA 
Febrero,2025,1631059,031400,200,0.5,LED,SED,CALLE 47 CARRERA 18B - CARRERA 18 BARRIO PARQUÉ YAHAIRA,2.95472162,-75.28531275,HURTO DE LUMINARIA 
Febrero,2025,1650993,038455,92.6,0.5,LED,SED,ENTRE LA CALLE 11 SUR Y MONUMENTO A LA MADRE TIERRA DIAGONAL A BOSQUES DE BAVIERA.,2.917926,-75.288551,HURTO DE LUMINARIA 
Febrero,2025,1650991,068352,92.6,0.5,LED,SED,ENTRE LA CALLE 11 SUR Y MONUMENTO A LA MADRE TIERRA DIAGONAL A BOSQUES DE BAVIERA.,2.917333096,-75.28861702,HURTO DE LUMINARIA 
Febrero,2025,1650988,068340,92.6,0.5,LED,SED,ENTRE LA CALLE 11 SUR Y MONUMENTO A LA MADRE TIERRA DIAGONAL A BOSQUES DE BAVIERA.,2.91645,-75.288685,HURTO DE LUMINARIA 
Febrero,2025,1636937,008774,27.8,0.5,LED,SED,VÍA CONJUNTO RESIDENCIAL VALLE DEL TURÍN,2.89305301,-75.25664016,HURTO DE LUMINARIA 
Febrero,2025,1631056,039970,200,0.5,LED,SED,CALLE 45 CARRERA 20 BARRIO PRADO DEL NORTE,2.9553101,-75.28252496,HURTO DE LUMINARIA 
Febrero,2025,1643976,028663,74.1,0.5,LED,SED,AVENIDA BUGANVILES – CALLE 19 CARRERA 38 Y 39 BARRIO GUADUALES,2.940365105,-75.26126702,HURTO DE LUMINARIA 
Febrero,2025,1643582,065271,46.3,0.5,LED,SED,TRANSVERSAL 8B – CARRERA 16 BARRIO GUALANDAY,2.950498115,-75.28708201,HURTO DE LUMINARIA 
Marzo,2025,1639843,028973,74.1,0.5,LED,SED,AV CIRCUNVALAR - CL 8 MALECOM,2.92383063,-75.29315274,HURTO DE LUMINARIA 
Marzo,2025,1644995,025322,60.2,0.5,LED,SED,CALLE 7 CARRERA 15 ALTICO,2.929520076,-75.28011096,HURTO DE LUMINARIA 
Marzo,2025,1739250,031092,70,0.5,LED,SED,CARRERA 15A ENTRE CALLE 7 Y 8 (PARQUE ANDINO LA ESTACIÓN),2.929827665,-75.27942132,HURTO DE LUMINARIA 
Marzo,2025,1642549,028855,74.1,0.5,LED,SED,MARGEN DE LA VÍA DERECHA PEATONAL DEL SECTOR DEL MALECÓN DIAGONAL AL CAI DEL MALECON,2.92411513,-75.29334169,HURTO DE LUMINARIA 
Marzo,2025,1640699,067241,27.8,0.5,LED,SED,CALLE 48 CON CARRERA 18 LOS PINOS,2.954106,-75.285729,HURTO DE LUMINARIA 